,SMALL LoBM LoINV,ME1 BM1 INV2,ME1 BM1 INV3,ME1 BM1 HiINV,ME1 BM2 LoINV,ME1 BM2 INV2,ME1 BM2 INV3,ME1 BM2 HiINV,ME1 BM3 LoINV,ME1 BM3 INV2,ME1 BM3 INV3,ME1 BM3 HiINV,ME1 BM4 LoINV,ME1 BM4 INV2,ME1 BM4 INV3,SMALL HiBM HiINV,BIG LoBM LoINV,ME2 BM1 INV2,ME2 BM1 INV3,ME2 BM1 HiINV,ME2 BM2 LoINV,ME2 BM2 INV2,ME2 BM2 INV3,ME2 BM2 HiINV,ME2 BM3 LoINV,ME2 BM3 INV2,ME2 BM3 INV3,ME2 BM3 HiINV,ME2 BM4 LoINV,ME2 BM4 INV2,ME2 BM4 INV3,BIG HiBM HiINV
199007     ,2.95     ,3.56     ,3.07     ,5.88     ,2.26     ,4.84     ,3.63     ,4.88     ,3.77    ,11.46     ,6.56     ,7.35    ,11.39     ,9.04    ,11.08     ,6.42     ,1.00     ,0.52    ,-5.15     ,3.89    ,-1.37     ,0.71    ,-1.81    ,-1.15    ,-0.80    ,-1.12    ,-0.19     ,1.40     ,6.25     ,4.43     ,2.33    ,-0.53
199008   ,-17.77   ,-16.38   ,-19.17   ,-18.22   ,-14.32   ,-16.49   ,-11.63   ,-16.99   ,-18.00   ,-16.06   ,-15.13   ,-15.22   ,-10.63   ,-17.10   ,-12.93   ,-16.98   ,-10.12   ,-11.14    ,-9.79    ,-9.97   ,-11.61   ,-11.00    ,-8.28   ,-10.12   ,-12.71   ,-12.70    ,-9.69   ,-10.35   ,-13.84   ,-13.80   ,-11.08    ,-8.72
199009   ,-19.76    ,-8.63   ,-13.45   ,-17.30   ,-16.01   ,-16.75   ,-15.94   ,-19.86   ,-12.58   ,-16.66   ,-18.30   ,-18.63   ,-20.51   ,-18.04   ,-15.39   ,-12.61   ,-19.93   ,-16.70   ,-18.58   ,-19.65   ,-14.43   ,-16.36   ,-18.95   ,-17.44   ,-16.83   ,-15.78   ,-15.27   ,-15.79   ,-18.69   ,-16.29   ,-16.73   ,-12.98
199010    ,29.59    ,29.13    ,26.82    ,30.32    ,22.65    ,31.96    ,26.83    ,29.56    ,29.12    ,34.19    ,30.42    ,27.32    ,22.16    ,28.33    ,24.13    ,23.53    ,26.83    ,27.16    ,26.47    ,32.57    ,39.79    ,23.36    ,26.44    ,27.27    ,32.08    ,25.61    ,19.72    ,19.94    ,24.85    ,27.28    ,23.51    ,18.32
199011   ,-19.68   ,-17.63   ,-19.41   ,-20.20   ,-19.99   ,-21.01   ,-20.39   ,-19.10   ,-17.72   ,-19.47   ,-20.48   ,-18.95   ,-20.01   ,-19.66   ,-10.78   ,-18.95   ,-17.53   ,-15.59   ,-10.92   ,-14.34   ,-18.03   ,-12.11    ,-7.08    ,-8.38   ,-11.81   ,-13.93   ,-13.13   ,-13.65   ,-14.99   ,-14.49   ,-15.89   ,-13.10
199012     ,0.77    ,-1.46     ,0.84    ,-2.97    ,-5.82    ,-0.47    ,-2.49    ,-4.32    ,-0.88    ,-8.14    ,-1.90    ,-2.52    ,-6.64    ,-0.10    ,-5.62    ,-1.95     ,4.30     ,3.88     ,9.24    ,-3.03     ,7.50     ,3.22     ,5.38     ,3.71     ,5.50     ,3.89     ,3.01     ,0.42    ,-1.74     ,0.63    ,-1.37     ,0.03
199101    ,-7.84     ,1.77   ,-10.75    ,-8.48    ,-6.95    ,-8.75    ,-5.37   ,-11.19    ,-6.09    ,-1.11    ,-5.59    ,-4.90    ,-0.94    ,-5.32    ,-7.25    ,-5.58     ,0.76    ,-0.11     ,4.55     ,2.66     ,0.51     ,1.94     ,6.74     ,2.92     ,3.03     ,0.79     ,3.16    ,-0.58    ,-1.54     ,0.61     ,2.04     ,1.76
199102    ,28.42    ,20.62    ,25.13    ,26.95    ,28.84    ,27.43    ,30.62    ,31.71    ,26.82    ,26.11    ,27.32    ,21.97    ,22.38    ,21.69    ,19.73    ,20.69    ,16.26    ,14.86     ,6.02    ,12.08    ,10.13    ,16.37     ,7.09     ,9.79    ,10.69    ,17.86    ,11.67    ,16.66    ,16.58    ,15.12    ,17.22    ,12.37
199103    ,-2.72    ,-0.84    ,-4.05    ,-5.47    ,-2.29     ,0.15    ,-1.45     ,2.84    ,-3.77    ,-2.54     ,1.27    ,-1.82    ,-2.79    ,-0.10    ,-2.05     ,3.64    ,-7.13    ,-6.99    ,-3.99    ,-3.66    ,-4.21    ,-4.77    ,-3.16    ,-4.51    ,-5.78    ,-3.08    ,-3.53    ,-3.91    ,-4.46    ,-4.44    ,-5.33    ,-5.47
199104     ,1.71     ,1.63     ,3.63     ,1.55     ,6.37     ,3.69    ,-0.53     ,3.55     ,5.60     ,2.31     ,2.43     ,2.83     ,8.04     ,7.23     ,8.79     ,2.10     ,1.97     ,1.11     ,4.14     ,0.11    ,-2.61     ,2.83     ,4.66     ,5.94     ,0.63     ,1.15     ,3.90     ,2.79     ,3.09     ,4.19     ,1.60     ,1.65
199105    ,-1.66    ,-7.02    ,-2.53     ,0.37    ,-2.73    ,-0.55    ,-4.27    ,-2.73    ,-2.83    ,-0.83    ,-2.94     ,1.25    ,-0.72    ,-2.42    ,-4.09    ,-2.68    ,-1.27    ,-2.91    ,-2.03    ,-3.20    ,-3.30    ,-0.20     ,0.89    ,-1.08     ,1.03    ,-1.24    ,-1.52    ,-2.61    ,-3.14    ,-1.11    ,-3.16    ,-2.62
199106   ,-10.44    ,-4.19    ,-8.58    ,-3.33    ,-3.77    ,-8.42    ,-8.41   ,-10.71    ,-4.92    ,-3.99    ,-6.60    ,-4.35    ,-4.02    ,-1.07    ,-3.17    ,-5.49   ,-10.39    ,-9.09    ,-7.51    ,-8.06    ,-7.16    ,-5.43    ,-8.14    ,-8.75    ,-6.53   ,-13.20    ,-7.00    ,-6.16    ,-6.60    ,-5.22    ,-4.28    ,-2.43
199107     ,1.15    ,-1.29    ,-2.25    ,-3.68    ,-1.84     ,3.54     ,0.05    ,-0.51    ,-0.25    ,-0.79    ,-2.58    ,-1.20     ,2.92     ,0.57    ,-1.72     ,0.54    ,-0.14     ,1.53     ,1.48     ,1.38     ,3.03     ,2.49     ,2.54     ,3.27     ,5.24     ,3.20     ,2.49     ,1.07     ,3.12     ,3.21     ,2.03     ,6.85
199108   ,-11.64   ,-11.78   ,-12.93   ,-13.73   ,-10.82   ,-14.08   ,-11.73   ,-12.51   ,-10.83   ,-11.40   ,-11.57   ,-12.71   ,-10.27   ,-13.41   ,-10.66   ,-11.28    ,-8.13    ,-5.32    ,-6.38    ,-7.54    ,-4.39    ,-4.80    ,-5.90    ,-5.35    ,-3.39    ,-7.05    ,-4.92    ,-7.03    ,-9.06    ,-8.79    ,-6.18    ,-7.49
199109    ,10.47    ,12.95    ,10.54    ,13.80    ,16.69    ,12.68    ,13.38    ,11.11     ,9.34    ,13.41     ,9.52    ,11.32    ,12.68    ,10.21    ,13.87    ,10.30     ,8.50    ,10.44     ,7.53    ,11.40    ,10.71     ,9.20     ,8.72     ,9.26     ,9.70     ,9.49    ,10.14     ,9.19    ,13.89     ,8.69     ,6.76     ,8.04
199110    ,13.89     ,9.31     ,6.98     ,9.13    ,10.16     ,9.60     ,6.99     ,6.87     ,5.75     ,5.02     ,4.59     ,6.93     ,4.58     ,6.66     ,8.59     ,4.78     ,5.07     ,3.02     ,8.25     ,3.94     ,2.84     ,5.21     ,4.48     ,7.34     ,2.44     ,2.05     ,4.43     ,2.27     ,2.92     ,1.96     ,4.63     ,2.84
199111   ,-12.63    ,-7.46   ,-10.28   ,-12.59   ,-10.53   ,-13.17   ,-10.72   ,-11.35    ,-7.57   ,-11.69   ,-11.25   ,-10.09    ,-8.85   ,-10.65   ,-13.57   ,-10.47    ,-7.40   ,-12.89    ,-8.56   ,-12.20    ,-7.19    ,-6.93    ,-7.16    ,-6.71    ,-5.09    ,-6.92    ,-5.62    ,-6.98    ,-8.81   ,-10.80    ,-8.37    ,-9.51
199112     ,5.78     ,6.37     ,5.11     ,4.60     ,6.37     ,5.21     ,5.10     ,3.45    ,-0.14     ,4.04     ,5.96     ,2.08     ,4.80     ,4.59     ,6.66     ,2.38     ,3.13     ,5.85     ,3.10     ,3.60     ,3.05     ,3.52     ,1.17     ,2.43     ,4.46     ,2.20     ,4.13     ,1.56     ,2.40     ,4.55     ,4.68     ,3.10
199201    ,-4.92    ,-4.21    ,-7.20    ,-7.21    ,-7.84    ,-7.32    ,-6.99    ,-6.56    ,-6.86    ,-4.07    ,-7.97    ,-6.90    ,-4.18    ,-2.88    ,-6.10    ,-4.55    ,-4.89    ,-6.75    ,-8.05    ,-2.91    ,-4.29    ,-6.66    ,-6.76    ,-8.84    ,-6.91    ,-4.02    ,-5.38    ,-4.46    ,-1.37    ,-1.35    ,-4.05    ,-2.35
199202    ,-3.49    ,-3.30    ,-6.03    ,-4.09    ,-1.53    ,-5.53    ,-5.27    ,-6.48    ,-3.81    ,-4.32    ,-4.45    ,-4.32    ,-3.76    ,-6.61    ,-5.29    ,-3.28    ,-3.14    ,-9.43    ,-9.59    ,-6.80    ,-5.80    ,-5.52    ,-9.63    ,-9.11    ,-4.61    ,-7.75    ,-7.47    ,-8.57    ,-6.03    ,-8.59    ,-7.67    ,-8.89
199203   ,-15.08   ,-16.94   ,-14.24   ,-15.21   ,-11.04   ,-13.15   ,-11.53    ,-9.84   ,-10.54   ,-11.78   ,-12.16   ,-12.07   ,-11.83   ,-11.66   ,-13.85   ,-11.23   ,-12.95   ,-14.20   ,-11.98   ,-11.81   ,-10.41   ,-10.91    ,-8.35   ,-12.83    ,-9.70    ,-8.78   ,-11.15    ,-9.11    ,-9.94    ,-8.21   ,-10.45   ,-11.16
199204   ,-13.39   ,-11.95   ,-12.67   ,-13.74   ,-13.15   ,-11.73   ,-12.06    ,-7.70   ,-11.99    ,-7.35   ,-12.26   ,-11.62    ,-9.31    ,-6.38   ,-10.37    ,-8.30    ,-5.68    ,-7.55   ,-15.75    ,-4.58    ,-6.40    ,-6.85   ,-10.96   ,-12.66    ,-8.57    ,-7.13   ,-10.20    ,-5.67    ,-0.91    ,-0.48    ,-0.99     ,1.45
199205    ,18.12    ,13.88    ,18.18    ,17.93    ,14.78    ,15.57    ,15.86    ,16.66    ,12.77    ,11.33    ,15.17    ,16.43    ,12.79    ,14.45    ,14.83     ,9.76     ,8.58    ,11.86     ,9.78     ,8.76     ,8.50     ,8.51     ,8.96     ,8.07    ,10.02     ,5.91     ,9.86     ,9.01     ,8.63     ,5.80     ,7.53     ,7.01
199206   ,-11.94   ,-12.26   ,-12.88   ,-13.04   ,-12.08    ,-8.19    ,-7.44    ,-8.40    ,-6.95    ,-8.36    ,-8.40    ,-6.78    ,-7.69    ,-5.19    ,-8.93    ,-9.53    ,-8.26    ,-7.66   ,-12.10    ,-8.45    ,-8.51   ,-10.32    ,-6.66   ,-13.75    ,-5.96    ,-8.76    ,-8.51    ,-5.75    ,-6.30    ,-6.69    ,-7.67    ,-9.50
199207    ,-6.91    ,-5.29   ,-11.12   ,-11.80    ,-8.53    ,-7.75    ,-6.47   ,-10.05    ,-5.58    ,-8.14    ,-7.46    ,-8.66    ,-7.39    ,-6.52    ,-7.27    ,-8.31     ,9.64    ,-3.60    ,-3.28    ,-5.63    ,-0.29    ,-1.62    ,-5.09    ,-7.14    ,-4.86    ,-3.22    ,-4.62    ,-2.17    ,-1.58    ,-5.14    ,-3.66    ,-6.80
199208    ,10.74    ,15.41    ,15.44    ,17.24    ,11.96     ,9.17    ,11.46    ,16.64    ,11.75    ,13.70    ,11.30    ,12.29     ,9.84     ,9.92    ,11.77    ,12.54    ,30.09    ,17.59    ,15.69    ,24.84    ,17.69    ,13.75    ,14.22    ,16.75    ,17.92    ,13.21    ,12.81    ,15.71    ,18.04     ,8.65    ,12.05    ,15.25
199209     ,4.97     ,0.53    ,-0.70     ,0.11     ,4.11     ,2.05     ,1.15     ,1.90    ,-0.83     ,0.83     ,1.09    ,-2.38    ,-0.95    ,-0.31    ,-1.39     ,0.29    ,-3.37    ,-2.43    ,-2.55    ,-7.72    ,-2.34    ,-2.53    ,-1.31    ,-2.46    ,-2.02    ,-2.96    ,-1.52    ,-1.47    ,-0.67    ,-3.09    ,-4.07    ,-2.83
199210   ,-10.31    ,-7.53    ,-6.12    ,-8.34    ,-5.53    ,-7.30    ,-3.46    ,-6.61    ,-7.70    ,-4.27    ,-5.40    ,-4.91    ,-8.79    ,-4.60    ,-6.80    ,-7.11    ,-3.17    ,-8.66    ,-6.59    ,-4.55    ,-6.34    ,-5.86    ,-3.77    ,-6.54    ,-5.73    ,-5.81    ,-5.93    ,-4.74    ,-6.78    ,-2.17    ,-3.16    ,-4.59
199211    ,-0.78     ,1.64    ,-2.43    ,-0.45     ,0.67    ,-2.25    ,-1.07    ,-0.25     ,0.12     ,0.94    ,-0.56    ,-1.34    ,-1.89     ,0.74     ,0.19    ,-3.42     ,6.23     ,3.09     ,3.01     ,3.35     ,1.48     ,3.15     ,0.77     ,2.88    ,-0.14     ,1.43     ,2.10     ,1.31     ,1.83     ,2.53     ,1.03     ,1.22
199212    ,-0.90    ,-2.35    ,-2.87    ,-0.71    ,-1.26     ,3.97    ,-0.07    ,-0.74     ,1.33     ,1.68     ,2.06     ,1.81     ,1.29     ,1.27     ,4.12     ,3.63    ,-1.10    ,-1.64    ,-2.56    ,-0.74    ,-1.51    ,-2.32    ,-1.58    ,-1.60    ,-0.02    ,-1.70    ,-2.58    ,-0.77     ,0.01     ,1.26    ,-0.26    ,-0.63
199301    ,-0.29    ,-2.74    ,-2.82    ,-3.43    ,-2.41    ,-2.86    ,-2.97    ,-3.19    ,-1.42    ,-2.07    ,-3.46    ,-2.85    ,-1.66    ,-1.66    ,-1.74    ,-2.09    ,-0.24    ,-1.28    ,-0.30    ,-0.86    ,-1.16     ,1.18    ,-0.44    ,-1.23    ,-2.00    ,-0.40     ,1.07     ,0.41    ,-0.37    ,-1.81     ,0.45    ,-1.51
199302     ,4.60     ,7.56     ,4.45     ,4.51     ,4.82     ,5.64     ,5.26     ,6.69     ,6.10     ,4.79     ,5.84     ,5.55     ,5.89     ,8.44     ,6.95    ,11.17     ,5.00     ,6.11     ,3.38     ,5.30     ,5.96     ,5.57     ,4.33     ,4.33     ,4.58     ,3.91     ,4.49     ,4.42     ,3.68     ,2.25     ,1.41     ,4.30
199303    ,15.73    ,13.15    ,15.51    ,19.97    ,14.22    ,17.85    ,17.09    ,18.62    ,14.66    ,13.54    ,19.61    ,16.13    ,23.86    ,16.32    ,18.65    ,14.84     ,9.34    ,21.93    ,13.85    ,15.97    ,22.52    ,12.06    ,13.52    ,16.01    ,13.30    ,16.01    ,15.35    ,18.78    ,22.49    ,14.91    ,22.54    ,20.65
199304    ,18.99    ,16.27    ,16.05    ,18.41    ,16.54    ,17.99    ,16.86    ,17.55    ,19.63    ,17.15    ,19.33    ,16.18    ,24.98    ,20.31    ,19.48    ,18.27    ,12.32    ,17.39    ,15.70    ,13.54    ,16.89    ,17.56    ,17.18    ,15.94    ,17.60    ,18.28    ,15.95    ,20.21    ,24.88    ,17.75    ,17.51    ,19.70
199305    ,18.10    ,14.74    ,14.87    ,11.10    ,21.12    ,16.20    ,16.55    ,14.91    ,17.53    ,14.70    ,14.93    ,19.83    ,14.34    ,13.09    ,17.47    ,17.35    ,10.68     ,2.10     ,2.62     ,4.71     ,4.14     ,2.67     ,1.87     ,4.40     ,5.59     ,2.75     ,3.32     ,3.13     ,4.26     ,0.40    ,-0.98     ,3.78
199306    ,-3.53    ,-5.38    ,-5.37    ,-5.67    ,-8.35    ,-5.85    ,-5.47    ,-8.32    ,-6.82    ,-5.27    ,-6.57    ,-8.19    ,-7.56    ,-6.50    ,-7.17    ,-6.95     ,1.06    ,-4.17    ,-4.90    ,-2.52    ,-3.08    ,-2.93    ,-5.11    ,-6.08    ,-3.89    ,-4.14    ,-5.20    ,-6.22    ,-3.86    ,-6.41    ,-4.50    ,-5.27
199307     ,1.28     ,0.77     ,4.08     ,0.83     ,2.38     ,4.18     ,3.19     ,3.34     ,2.39     ,1.80     ,2.30     ,4.13     ,2.48     ,1.90     ,4.19     ,3.03    ,10.33     ,6.47     ,6.75     ,8.41     ,6.43     ,7.22     ,6.05     ,5.61     ,7.90     ,6.34     ,6.78     ,5.56     ,8.15     ,7.41     ,8.58     ,7.55
199308     ,2.46     ,2.03     ,2.33     ,2.48     ,1.20     ,1.12     ,3.00     ,2.64     ,0.53     ,0.91     ,4.14     ,2.52     ,0.31     ,0.58     ,2.66     ,2.34     ,2.28     ,3.90     ,1.50     ,1.69     ,0.26     ,2.96     ,0.92     ,2.94     ,3.91     ,1.97     ,4.06     ,2.81     ,4.54     ,3.13     ,2.68     ,1.65
199309   ,-10.64    ,-3.28    ,-3.87    ,-1.99    ,-5.24    ,-5.05    ,-2.67    ,-2.45    ,-6.97    ,-3.66    ,-2.95    ,-5.29    ,-6.49    ,-4.03    ,-5.15    ,-5.75    ,-7.16    ,-6.34    ,-4.29    ,-1.53    ,-5.68    ,-8.32    ,-5.13    ,-2.66    ,-6.87    ,-3.67    ,-4.24    ,-4.22    ,-8.91    ,-3.89    ,-2.42    ,-2.29
199310   ,-12.61   ,-10.37    ,-9.83    ,-7.87    ,-9.86    ,-9.41    ,-8.97    ,-8.91    ,-9.89    ,-9.26    ,-9.82    ,-8.76    ,-9.03    ,-8.83    ,-9.57    ,-7.17     ,1.25    ,-2.64    ,-0.13    ,-7.91     ,1.11    ,-2.03    ,-1.56    ,-2.76    ,-2.43    ,-1.65    ,-1.66    ,-2.65    ,-2.76    ,-2.44     ,1.33    ,-4.01
199311   ,-21.30   ,-16.32   ,-17.63   ,-14.77   ,-20.22   ,-18.45   ,-16.24   ,-17.25   ,-18.69   ,-19.98   ,-17.23   ,-16.47   ,-17.37   ,-16.20   ,-19.33   ,-17.65   ,-22.54   ,-14.92   ,-14.22   ,-12.69   ,-18.31   ,-15.02   ,-10.97   ,-13.40   ,-20.17   ,-12.31   ,-14.53   ,-14.01   ,-19.68   ,-14.90   ,-13.92   ,-13.93
199312     ,3.64     ,0.33     ,0.24    ,-1.20     ,2.41     ,5.23     ,0.94     ,0.32     ,3.44     ,1.98     ,4.01     ,2.59     ,3.13     ,0.72     ,2.44     ,1.40     ,2.07     ,2.14     ,0.40     ,0.09     ,3.94     ,2.67    ,-1.66     ,0.91     ,3.62     ,1.37     ,4.07     ,2.35     ,2.91     ,5.93     ,6.46     ,1.53
199401    ,22.29    ,16.13    ,19.26    ,16.93    ,19.16    ,18.14    ,16.12    ,18.67    ,21.56    ,20.99    ,16.10    ,15.87    ,22.41    ,17.31    ,21.16    ,21.73    ,17.99    ,13.06    ,14.65    ,14.62    ,11.84    ,20.18    ,13.16    ,16.79    ,21.80    ,13.17    ,17.65    ,18.35    ,29.70    ,19.60    ,16.04    ,14.86
199402     ,1.07     ,5.56     ,3.96     ,4.08     ,6.68     ,3.90     ,4.48     ,6.01     ,5.02     ,4.64     ,4.44     ,5.77     ,7.04     ,7.59     ,4.54     ,6.89     ,3.59     ,4.02     ,1.75     ,3.33     ,2.24     ,3.08     ,3.49     ,3.11     ,5.57     ,5.99     ,3.62     ,5.08     ,4.46     ,6.29     ,5.77     ,6.98
199403     ,5.78    ,-0.13     ,1.59     ,2.05     ,1.04     ,4.83     ,3.08     ,1.88     ,4.85     ,2.91     ,2.54     ,2.88     ,4.91     ,4.71     ,4.50     ,5.07    ,-5.70    ,-3.00    ,-3.38    ,-2.87    ,-4.39    ,-2.95    ,-2.20    ,-2.66     ,0.15    ,-1.47    ,-2.93     ,0.47    ,-2.06    ,-1.24    ,-1.23    ,-0.59
199404    ,10.75     ,6.06     ,4.44     ,4.24     ,5.17     ,5.29     ,3.60     ,4.09     ,6.87     ,6.99     ,6.12     ,5.42     ,4.86     ,8.39     ,5.69     ,6.23     ,5.41     ,4.41     ,2.22     ,2.34     ,6.74     ,1.13     ,3.79     ,3.47     ,2.59     ,3.88     ,2.93     ,3.11     ,3.02     ,2.65     ,2.97     ,4.79
199405     ,1.48    ,-1.22     ,0.89    ,-2.63     ,1.65    ,-0.28    ,-0.93    ,-1.20     ,1.24     ,0.31     ,0.34     ,0.18     ,2.63    ,-0.22     ,1.32     ,4.41     ,2.32     ,2.26     ,0.22    ,-1.77     ,1.92    ,-1.56     ,1.45    ,-1.16     ,4.69     ,2.58     ,3.79     ,0.16     ,5.66     ,3.94     ,4.17    ,-0.09
199406    ,11.64     ,9.04     ,7.70     ,6.54     ,8.88     ,9.45     ,9.25     ,9.37    ,12.66    ,11.43    ,11.96    ,10.00    ,15.69    ,14.15    ,13.64    ,12.90     ,3.54     ,4.19     ,3.11     ,5.91     ,4.33     ,6.09     ,5.32     ,8.21     ,7.58     ,6.33     ,5.84     ,8.88     ,6.59     ,7.27     ,7.23     ,7.78
199407    ,-4.94    ,-3.39    ,-3.65    ,-2.09    ,-5.68    ,-2.10    ,-3.11    ,-2.92    ,-3.82    ,-2.38    ,-3.43    ,-2.72    ,-4.08    ,-2.28    ,-2.17    ,-2.73    ,-4.82    ,-2.37    ,-4.06    ,-2.51    ,-2.85    ,-5.24    ,-3.61    ,-4.01    ,-4.46    ,-2.70    ,-2.01    ,-3.65    ,-6.31    ,-5.54    ,-5.09    ,-2.60
199408    ,-2.48    ,-1.83    ,-1.84    ,-3.00     ,1.07    ,-0.68    ,-0.67    ,-2.27    ,-1.72    ,-1.02    ,-2.56    ,-1.46    ,-2.67    ,-3.62    ,-2.01    ,-1.60    ,-1.13    ,-0.17     ,4.01     ,0.12     ,0.29     ,2.26     ,1.03    ,-0.86    ,-4.49     ,0.37     ,2.20     ,0.88     ,0.42     ,2.36     ,0.68    ,-0.42
199409    ,-6.41    ,-5.75    ,-5.02    ,-3.21    ,-4.04    ,-5.69    ,-4.00    ,-3.81    ,-5.24    ,-4.60    ,-3.20    ,-4.26    ,-4.00    ,-4.40    ,-3.73    ,-4.50    ,-3.66    ,-1.89    ,-2.41    ,-4.66    ,-2.68    ,-1.15    ,-1.54    ,-3.83    ,-1.29    ,-2.29    ,-0.63    ,-3.36    ,-2.91    ,-3.79    ,-1.69    ,-2.56
199410     ,5.12     ,3.96     ,2.45     ,1.31     ,4.39     ,2.86     ,2.02    ,-0.74     ,2.20     ,2.74     ,0.89     ,1.63     ,3.27     ,3.13     ,3.02     ,0.64     ,2.95     ,2.07     ,2.81     ,0.68     ,2.82     ,3.67     ,1.76    ,-0.45     ,3.39     ,3.61     ,2.71     ,1.19     ,3.93     ,5.63     ,3.40     ,0.36
199411    ,-8.32    ,-8.59    ,-8.22    ,-7.98    ,-6.52    ,-7.51    ,-8.28    ,-7.80    ,-9.27    ,-7.40    ,-8.15    ,-8.27    ,-8.53    ,-7.66    ,-6.40    ,-8.83    ,-6.33    ,-5.38    ,-6.38    ,-5.49    ,-3.39    ,-7.03    ,-5.60    ,-5.73    ,-7.14    ,-7.32    ,-5.79    ,-6.50    ,-7.09    ,-5.12    ,-4.46    ,-5.57
199412     ,4.50     ,3.16     ,2.02     ,1.26     ,3.83     ,2.67     ,2.05     ,0.36     ,3.10     ,2.27     ,1.58     ,3.40     ,3.50     ,2.65     ,2.45     ,2.27     ,5.11    ,-0.02     ,2.39     ,1.01     ,0.50     ,2.04     ,0.82     ,2.29     ,3.23     ,1.61     ,0.61     ,0.50     ,2.31     ,1.33    ,-0.29     ,1.48
199501   ,-10.59    ,-5.14     ,0.11    ,-3.99    ,-8.95    ,-4.34    ,-2.45    ,-0.91    ,-7.07    ,-4.18    ,-4.23    ,-4.13    ,-8.59    ,-8.90    ,-6.36    ,-3.03    ,-2.01    ,-8.57    ,-9.19    ,-6.40    ,-6.64    ,-8.80    ,-7.72    ,-4.67    ,-7.87    ,-7.25    ,-5.83     ,1.17    ,-8.58   ,-10.13   ,-10.07     ,3.62
199502    ,-0.79    ,-5.60    ,-5.52    ,-7.51    ,-5.73    ,-6.68    ,-7.61    ,-7.10    ,-6.02    ,-7.28    ,-5.90    ,-5.05    ,-6.15    ,-2.81    ,-3.65    ,-7.27    ,-5.29    ,-4.53    ,-6.65    ,-3.65    ,-4.11    ,-5.75    ,-3.71    ,-4.76    ,-7.68    ,-4.81    ,-5.03    ,-5.58    ,-6.21    ,-3.54    ,-3.04    ,-9.83
199503     ,6.40     ,5.85     ,5.07     ,5.25     ,7.56     ,6.36     ,5.74     ,3.70     ,6.73     ,7.35     ,5.93     ,6.51     ,6.84     ,7.56     ,7.27     ,9.08     ,5.30     ,7.23    ,14.87     ,9.79     ,9.59     ,9.51    ,10.52     ,9.64     ,9.88     ,7.38     ,9.21     ,5.38     ,7.11    ,12.31     ,9.41    ,10.01
199504     ,1.00     ,4.10     ,1.48     ,1.99     ,2.80     ,2.78     ,1.51     ,2.44     ,1.15     ,0.68     ,2.55     ,1.72     ,1.95     ,1.27     ,3.16     ,1.19     ,8.93     ,4.82     ,2.96     ,3.75     ,4.85     ,2.31     ,3.53     ,5.01     ,6.64     ,5.06     ,2.49     ,4.18     ,3.39     ,1.44     ,0.79     ,2.52
199505   ,-11.58    ,-8.84   ,-10.19    ,-8.65   ,-10.27   ,-10.09    ,-8.39    ,-8.59   ,-10.92    ,-8.54    ,-7.98    ,-9.78    ,-9.77    ,-6.19    ,-7.34    ,-7.48    ,-4.32    ,-7.62    ,-5.81    ,-6.50    ,-5.45    ,-7.21    ,-5.75    ,-5.46    ,-7.42    ,-6.12    ,-5.33    ,-5.41    ,-9.24    ,-6.88    ,-7.72    ,-8.60
199506    ,-5.55    ,-6.63    ,-6.69    ,-5.84    ,-5.75    ,-6.05    ,-4.31    ,-5.51    ,-3.45    ,-5.68    ,-3.24    ,-5.25    ,-5.47    ,-4.63    ,-5.73    ,-5.46   ,-10.15    ,-7.22    ,-1.31    ,-1.35    ,-5.83    ,-3.13    ,-3.02    ,-2.16    ,-4.41    ,-1.89    ,-3.70    ,-5.15    ,-4.32    ,-0.72    ,-2.05    ,-5.25
199507     ,8.16     ,9.66    ,10.96     ,5.99     ,8.50     ,8.90     ,5.61     ,6.14     ,8.71     ,7.75     ,6.28     ,4.76     ,5.07     ,2.63     ,2.96     ,2.97     ,8.14     ,9.28     ,3.27     ,5.71     ,7.36     ,9.86     ,4.73     ,5.31     ,9.78     ,6.32     ,4.63     ,0.35     ,7.56     ,7.08     ,5.36     ,3.63
199508     ,4.16     ,2.42     ,1.70     ,0.32     ,0.81     ,2.55     ,0.78    ,-0.43     ,1.34     ,0.06    ,-0.20    ,-2.00    ,-1.16    ,-0.07    ,-1.75    ,-2.33    ,-6.44    ,-6.14     ,3.63    ,-3.80     ,1.28    ,-6.01    ,-2.96    ,-3.06    ,-0.35    ,-0.63    ,-3.21    ,-5.41    ,-1.52    ,-4.05    ,-0.55    ,-2.96
199509    ,-5.42    ,-3.91    ,-6.12    ,-1.05    ,-4.54    ,-3.27    ,-4.97    ,-0.54    ,-2.83    ,-2.76    ,-2.29    ,-3.92    ,-5.62    ,-4.09    ,-4.05    ,-3.09    ,-1.63     ,0.49    ,-2.28     ,0.18    ,-2.07     ,1.74     ,0.21    ,-0.81     ,0.60    ,-1.49    ,-3.18     ,1.55    ,-4.01    ,-4.69    ,-2.05    ,-1.06
199510    ,-2.13    ,-1.24    ,-2.41    ,-2.49    ,-3.52     ,1.21    ,-2.53    ,-3.53    ,-3.37    ,-1.01    ,-2.38    ,-3.99    ,-4.42    ,-2.70    ,-3.39    ,-3.01    ,-1.78    ,-5.89    ,-3.78    ,-2.74    ,-2.27    ,-6.28    ,-4.58    ,-4.54    ,-4.31    ,-2.37    ,-2.32    ,-2.70    ,-5.59    ,-4.29    ,-4.65    ,-3.39
199511     ,9.09     ,5.19     ,5.68     ,2.84     ,7.68     ,4.36     ,4.20     ,3.72     ,7.44     ,8.35     ,3.18     ,3.01     ,5.59     ,8.67     ,6.04     ,3.33     ,7.86     ,6.87     ,2.01     ,1.92     ,3.83     ,7.47     ,3.37     ,2.19     ,5.83     ,5.40     ,4.38     ,1.93     ,6.85     ,3.83     ,2.33     ,0.93
199512     ,6.32     ,4.57     ,9.26     ,6.33     ,6.53     ,6.58     ,6.25     ,5.40     ,5.64     ,6.80     ,5.35     ,5.49    ,11.56    ,11.94     ,8.99     ,8.41     ,5.71     ,4.60     ,0.86     ,2.17     ,5.04     ,6.53     ,3.59     ,5.06     ,3.98     ,5.44     ,4.76     ,4.31     ,8.60     ,6.63     ,5.24     ,5.72
199601     ,5.79     ,1.25     ,0.95     ,0.87     ,4.05     ,2.96     ,1.45     ,2.13     ,3.91     ,1.22     ,3.06     ,0.45     ,2.55     ,2.64     ,2.56     ,0.40    ,-4.38    ,-2.89    ,-4.37    ,-0.98     ,0.47    ,-4.41     ,0.04    ,-1.90    ,-0.12     ,0.95     ,0.20    ,-0.42     ,1.26    ,-1.65     ,0.09    ,-1.01
199602    ,-2.92    ,-1.93     ,3.00    ,-1.86    ,-3.22    ,-3.78    ,-1.42    ,-0.39    ,-3.81    ,-1.11    ,-1.93    ,-1.36    ,-2.75    ,-2.77    ,-2.08     ,0.48    ,-2.39    ,-4.03     ,0.64    ,-0.09    ,-0.30    ,-1.26    ,-0.47    ,-2.51    ,-2.97    ,-2.92    ,-0.08    ,-0.92    ,-3.02    ,-1.97    ,-0.34    ,-0.43
199603     ,6.33     ,3.11     ,5.11     ,1.81     ,2.47     ,1.49     ,2.36     ,1.90     ,5.52     ,2.80     ,1.08     ,1.22     ,1.19     ,1.43     ,1.75    ,-0.01     ,3.81     ,5.86    ,-0.44     ,2.53     ,3.03     ,4.30     ,0.54     ,2.91     ,3.82     ,3.06     ,3.64     ,1.24     ,4.07     ,4.54     ,0.54     ,1.58
199604    ,10.82    ,11.34    ,19.39     ,8.07    ,12.56    ,13.06    ,10.76     ,9.66    ,10.93     ,9.84    ,10.72    ,12.57    ,14.26    ,13.18    ,10.35    ,11.80     ,7.57     ,2.39     ,6.18     ,7.22     ,6.12     ,6.21     ,7.31     ,5.28     ,6.59     ,8.90     ,5.38     ,8.70     ,7.63     ,7.34     ,8.59     ,8.15
199605    ,-2.68    ,-3.46    ,-5.93    ,-3.23    ,-4.50    ,-4.05    ,-3.30    ,-1.80    ,-4.00    ,-3.99    ,-4.51    ,-3.03    ,-1.67    ,-2.85    ,-3.20    ,-2.33    ,-1.94    ,-3.97    ,-5.22    ,-3.30    ,-5.24    ,-5.61    ,-4.44    ,-6.81    ,-7.32    ,-1.99    ,-3.68    ,-4.83    ,-3.12    ,-4.36    ,-6.13    ,-3.14
199606    ,-2.91    ,-1.01    ,-3.19     ,0.32    ,-0.64    ,-1.24    ,-1.50    ,-0.03    ,-2.63    ,-0.42     ,0.25    ,-0.80    ,-3.48     ,1.76    ,-1.26     ,0.14    ,-1.37    ,-0.36     ,0.43     ,0.15     ,0.89    ,-0.78     ,0.30     ,0.61     ,0.63     ,1.42     ,3.29    ,-0.55     ,0.98     ,1.36     ,1.27    ,-0.87
199607    ,-8.63    ,-9.34    ,-8.11    ,-5.31    ,-8.45    ,-7.15    ,-5.27    ,-4.05    ,-7.22    ,-5.30    ,-4.35    ,-5.46    ,-5.38    ,-5.73    ,-3.39    ,-4.76    ,-6.94    ,-4.13    ,-4.67    ,-2.86    ,-6.29    ,-3.64    ,-2.76    ,-5.11    ,-4.99    ,-3.51    ,-4.08    ,-3.36    ,-6.10    ,-5.24    ,-4.96    ,-4.61
199608    ,-1.49    ,-2.44    ,-3.13    ,-4.87    ,-3.23    ,-2.94    ,-4.17    ,-4.06    ,-4.17    ,-3.76    ,-4.31    ,-3.16    ,-4.01    ,-3.92    ,-3.89    ,-3.95    ,-3.34    ,-3.23    ,-4.33    ,-3.87    ,-5.25    ,-5.33    ,-4.47    ,-3.77    ,-5.50    ,-6.95    ,-4.19    ,-3.41    ,-5.30    ,-3.84    ,-4.98    ,-4.99
199609    ,-0.01    ,-0.63    ,-0.68    ,-2.98    ,-0.67    ,-1.26    ,-2.11    ,-1.20    ,-0.17    ,-0.38    ,-1.61    ,-1.55    ,-1.82    ,-0.87    ,-1.50    ,-0.05     ,3.58     ,0.87     ,4.39     ,1.29     ,3.89     ,2.85     ,3.16     ,3.36     ,2.24     ,4.81     ,3.11     ,5.14     ,3.82     ,2.50     ,2.69     ,2.60
199610    ,-5.93    ,-6.17    ,-7.77    ,-6.59    ,-7.34    ,-6.19    ,-6.84    ,-6.07    ,-6.02    ,-6.55    ,-4.90    ,-6.55    ,-6.77    ,-4.94    ,-6.71    ,-5.13    ,-7.52    ,-7.36    ,-6.49    ,-6.46    ,-5.97    ,-7.61    ,-6.06    ,-7.96    ,-7.25    ,-8.48    ,-6.44    ,-6.94    ,-6.97    ,-6.38    ,-6.63    ,-6.32
199611    ,-4.79    ,-2.07    ,-4.42    ,-3.73    ,-4.11    ,-4.72    ,-2.92    ,-4.12    ,-3.94    ,-2.86    ,-2.08    ,-4.50    ,-4.50    ,-2.80    ,-2.20    ,-1.93    ,-1.08    ,-0.66     ,1.49    ,-0.29     ,1.43     ,1.12     ,4.23     ,1.20    ,-2.22     ,0.22     ,0.19     ,6.74    ,-2.34     ,1.03    ,-1.60     ,0.23
199612   ,-14.29   ,-12.13   ,-11.72    ,-9.53   ,-14.38   ,-12.74   ,-10.42   ,-10.21   ,-11.96   ,-10.26    ,-9.22   ,-11.20   ,-12.34    ,-9.68    ,-9.78    ,-9.81   ,-12.00   ,-12.59    ,-3.81    ,-5.39    ,-9.39    ,-6.92    ,-4.12    ,-5.19   ,-10.46    ,-6.36    ,-6.95    ,-0.93   ,-10.67    ,-5.15    ,-7.21    ,-5.99
199701   ,-10.22    ,-8.76    ,-9.36    ,-8.14    ,-8.17    ,-8.25    ,-7.82   ,-10.31    ,-9.86    ,-9.19   ,-10.87   ,-10.30   ,-12.48   ,-11.89    ,-9.32   ,-11.24   ,-20.16   ,-12.20   ,-10.47    ,-7.41   ,-11.36    ,-9.78    ,-8.98    ,-9.31   ,-12.07    ,-9.02    ,-7.84    ,-8.79    ,-9.58    ,-9.14   ,-11.11    ,-7.80
199702    ,-1.11     ,0.06    ,-0.76    ,-4.77    ,-0.44     ,0.12    ,-0.21    ,-1.25    ,-0.47     ,0.90     ,1.41    ,-0.74    ,-1.94     ,0.25    ,-0.71     ,0.27     ,5.26     ,3.16     ,3.10     ,3.95     ,2.81     ,1.16     ,2.25     ,2.83    ,-1.80     ,1.38     ,1.26    ,-0.44    ,-1.81     ,0.08     ,0.15     ,1.70
199703    ,-8.10    ,-9.64    ,-8.07    ,-7.12    ,-8.88    ,-6.79    ,-7.29    ,-8.47    ,-8.98    ,-7.14    ,-5.96    ,-7.04    ,-7.36    ,-6.30    ,-4.19    ,-6.03    ,-6.63    ,-2.74    ,-2.67    ,-3.42    ,-3.90    ,-3.92    ,-2.25    ,-5.39    ,-4.12    ,-3.02    ,-2.54    ,-2.00    ,-3.76    ,-0.32    ,-4.42    ,-3.23
199704    ,-1.82    ,-0.60    ,-3.44    ,-1.19     ,0.59    ,-3.96    ,-2.23    ,-3.22    ,-2.92    ,-4.13    ,-1.75    ,-3.11    ,-5.65    ,-3.85    ,-5.19    ,-1.34     ,1.14     ,0.15     ,1.98     ,3.74     ,1.86     ,1.78     ,3.41     ,2.35    ,-2.15     ,1.63     ,1.30     ,8.43     ,0.80     ,0.34    ,-1.12    ,-0.88
199705    ,17.19    ,18.31    ,20.00    ,20.07    ,19.02    ,16.42    ,17.57    ,16.01    ,17.81    ,15.76    ,14.06    ,18.27    ,14.99    ,15.52    ,14.96    ,14.04    ,14.19    ,14.32    ,20.24    ,17.03    ,12.81    ,10.69     ,9.27    ,12.42    ,16.50    ,10.45    ,14.60     ,6.94    ,13.91    ,14.85    ,11.81    ,12.31
199706     ,1.18     ,2.86     ,2.77     ,3.08     ,2.41     ,2.44     ,1.66     ,2.49     ,3.58     ,4.31     ,3.21     ,3.70     ,2.72     ,1.56     ,2.44     ,5.10    ,12.65     ,7.86     ,5.20     ,2.28     ,7.15     ,6.95     ,5.60     ,5.42     ,5.12     ,4.80     ,8.16     ,3.14     ,6.76     ,5.49     ,6.48     ,3.39
199707   ,-14.98   ,-12.38   ,-11.48    ,-8.62   ,-11.61   ,-10.51   ,-10.55   ,-10.85   ,-13.00   ,-11.03    ,-9.80    ,-9.78   ,-13.68   ,-11.24   ,-12.34   ,-11.77    ,-8.37    ,-8.06     ,0.68     ,3.96   ,-10.81    ,-3.99    ,-4.13     ,5.87    ,-8.03    ,-7.27    ,-6.51    ,-5.01    ,-5.52    ,-9.35    ,-2.91    ,-4.42
199708    ,-9.15    ,-8.94   ,-10.32   ,-10.89   ,-10.02   ,-11.04    ,-9.91   ,-10.43   ,-10.06   ,-10.85   ,-11.17   ,-12.37   ,-10.37    ,-8.26   ,-10.55   ,-12.96    ,-6.20    ,-7.96    ,-8.44   ,-12.66    ,-6.65    ,-9.44    ,-8.22   ,-13.93    ,-5.75    ,-8.31    ,-8.52    ,-8.45    ,-7.86    ,-9.38   ,-12.61    ,-8.00
199709   ,-18.88   ,-14.31   ,-13.27   ,-11.54   ,-14.18   ,-13.00   ,-12.60   ,-13.93   ,-14.35   ,-14.51   ,-12.43   ,-11.07   ,-14.68   ,-13.02   ,-12.28   ,-15.21    ,-6.80    ,-2.41     ,0.79     ,1.96    ,-6.97    ,-2.87    ,-3.26     ,8.15    ,-5.92    ,-5.57    ,-2.02     ,1.24    ,-6.41    ,-6.38    ,-4.82    ,-5.89
199710     ,4.40     ,2.21     ,0.00    ,-1.91     ,1.09    ,-0.18    ,-0.31    ,-2.18    ,-1.79    ,-0.22    ,-1.34    ,-2.89     ,0.22     ,1.06    ,-1.12    ,-1.88   ,-11.84   ,-11.12   ,-11.29    ,-6.37    ,-5.48    ,-4.43    ,-6.46    ,-8.98    ,-6.04    ,-1.71    ,-5.25   ,-19.63    ,-6.86    ,-1.45    ,-7.50    ,-0.95
199711   ,-21.21   ,-16.93   ,-17.71   ,-16.57   ,-19.46   ,-16.47   ,-15.10   ,-17.51   ,-20.15   ,-17.01   ,-15.38   ,-17.59   ,-20.78   ,-17.61   ,-16.35   ,-20.46   ,-10.04    ,-7.84    ,-1.02    ,-6.23   ,-17.48    ,-7.10    ,-8.41    ,-1.43   ,-12.94    ,-7.88    ,-6.72     ,1.53   ,-19.15   ,-12.14   ,-11.31   ,-15.28
199712   ,-21.24   ,-19.36   ,-16.74   ,-11.44   ,-15.07   ,-16.20   ,-12.34   ,-13.75   ,-13.81   ,-13.87   ,-14.41   ,-13.17   ,-16.67   ,-11.87   ,-14.14   ,-11.71   ,-14.66   ,-11.74    ,-1.69    ,-3.49   ,-15.28    ,-3.21    ,-7.88    ,-3.14   ,-10.86   ,-15.04    ,-6.67    ,-7.98    ,-9.48   ,-14.67    ,-7.68   ,-14.87
199801    ,37.61    ,28.51    ,25.17    ,20.06    ,23.74    ,24.67    ,18.48    ,25.98    ,27.36    ,23.49    ,21.49    ,24.66    ,29.90    ,22.81    ,22.09    ,25.52    ,16.07    ,14.73     ,5.80     ,8.60    ,23.58     ,7.77     ,9.24     ,3.40    ,14.50    ,15.70    ,10.04     ,8.87    ,13.54    ,18.01    ,17.22    ,13.35
199802     ,9.95     ,7.98     ,6.48     ,3.93     ,8.34     ,3.89     ,3.61     ,1.92     ,7.33     ,7.20     ,5.49     ,4.52    ,11.22     ,6.89     ,5.74     ,3.35     ,6.56     ,0.26     ,0.90    ,-3.36     ,4.39     ,0.90     ,1.03    ,-0.84     ,4.24     ,0.19    ,-0.92    ,-0.07     ,4.35     ,2.75    ,-0.02     ,6.44
199803   ,-12.92   ,-10.49   ,-10.36    ,-7.88   ,-10.06    ,-7.78    ,-8.14    ,-9.48    ,-9.39    ,-7.00    ,-7.89    ,-8.19   ,-10.91    ,-7.71    ,-8.09    ,-8.92   ,-11.37    ,-7.42    ,-7.73    ,-4.74    ,-9.24    ,-4.61    ,-4.86    ,-5.64    ,-6.69    ,-3.22    ,-4.42   ,-10.53    ,-4.82    ,-5.33    ,-3.13    ,-5.01
199804    ,-5.50    ,-5.87    ,-5.34    ,-2.36    ,-4.46    ,-3.39    ,-3.57    ,-4.14    ,-8.17    ,-5.05    ,-4.28    ,-5.15    ,-6.19    ,-6.21    ,-4.71    ,-5.01    ,-4.09    ,-3.93    ,-0.01     ,2.21    ,-6.48     ,0.89    ,-0.11    ,-0.62    ,-2.92    ,-2.87    ,-4.70     ,0.35    ,-4.89    ,-5.34    ,-5.16    ,-3.45
199805    ,-5.26    ,-3.72    ,-6.03    ,-4.25    ,-5.08    ,-2.39    ,-3.35    ,-3.28    ,-3.64    ,-4.15    ,-3.74    ,-4.10    ,-5.32    ,-4.52    ,-4.01    ,-3.88    ,-4.58    ,-6.12    ,-5.40    ,-6.23    ,-2.75    ,-2.68    ,-2.95    ,-3.30    ,-6.25    ,-2.74    ,-5.16    ,-8.80    ,-1.66    ,-2.59    ,-5.07    ,-0.90
199806     ,1.59     ,1.84     ,1.30    ,-0.34     ,1.52     ,2.46     ,1.83    ,-0.07     ,0.45     ,2.13     ,2.59     ,0.64     ,0.40    ,-1.26     ,0.37    ,-0.77     ,0.74    ,-2.31     ,0.96    ,-0.66     ,0.29     ,2.23     ,2.24     ,2.50    ,-1.84     ,2.24     ,1.50     ,0.53    ,-0.20     ,2.80    ,-0.25     ,2.61
199807    ,-0.43    ,-3.82    ,-0.03     ,0.21    ,-1.12    ,-2.19    ,-0.83    ,-1.54    ,-2.60    ,-0.81    ,-2.59     ,1.18    ,-2.21    ,-3.28    ,-1.70     ,0.04    ,-3.51    ,-1.60     ,1.43    ,-0.01    ,-1.70    ,-1.26    ,-0.19    ,-2.94    ,-4.79    ,-6.38    ,-1.17     ,0.55    ,-4.74    ,-2.99    ,-4.38    ,-2.44
199808    ,-8.28    ,-8.50    ,-6.13    ,-6.20    ,-8.40    ,-8.00    ,-7.23    ,-5.27   ,-11.60   ,-11.58    ,-6.02    ,-8.80   ,-11.72   ,-10.35    ,-8.30   ,-10.99    ,-6.14    ,-6.81   ,-10.09    ,-9.60    ,-4.42   ,-10.49    ,-4.39   ,-10.25    ,-9.48    ,-8.32    ,-5.12   ,-11.25    ,-8.52   ,-13.27   ,-11.36   ,-11.37
199809    ,-6.93    ,-4.54    ,-4.18    ,-6.42    ,-5.97    ,-3.59    ,-4.74    ,-3.90    ,-6.35    ,-6.75    ,-6.36    ,-8.31    ,-8.69    ,-9.57    ,-6.88    ,-7.99    ,-2.89    ,-0.39    ,-4.07    ,-2.53    ,-4.87     ,0.17    ,-2.30    ,-1.40    ,-4.41    ,-0.41    ,-1.62    ,-5.03    ,-7.32    ,-5.24    ,-6.81   ,-13.52
199810    ,14.70    ,14.32     ,9.64    ,11.47    ,19.50    ,13.68    ,13.80     ,8.89    ,16.33    ,14.38    ,12.04    ,11.88    ,18.07    ,13.13    ,10.99    ,15.41    ,18.71    ,22.65    ,15.17    ,11.96    ,19.11    ,21.41    ,17.65    ,12.03    ,22.12    ,19.42    ,11.45    ,13.98    ,18.26    ,16.98    ,29.00    ,24.58
199811     ,6.10     ,3.29     ,3.34     ,6.52     ,3.95     ,3.07     ,4.69     ,6.87     ,7.01     ,7.36     ,6.24     ,8.96     ,9.13     ,9.72     ,7.44     ,9.22     ,1.28    ,-2.51     ,1.89     ,7.65     ,1.96     ,2.43     ,3.74     ,5.99     ,0.43     ,3.81     ,1.19     ,7.86     ,2.09     ,9.39     ,2.42     ,8.59
199812     ,0.27     ,1.88     ,3.17     ,5.85     ,0.27     ,3.02     ,2.69     ,7.65    ,-0.69     ,1.24     ,3.15     ,1.43    ,-3.04    ,-2.20    ,-0.34     ,1.02     ,1.16     ,4.97     ,5.21     ,1.90     ,2.69     ,3.26     ,6.01     ,0.79     ,5.45    ,-0.18     ,3.73     ,5.84     ,0.88     ,2.85     ,0.66     ,4.03
199901     ,1.58     ,0.89     ,1.27     ,0.98     ,2.71     ,1.46     ,0.92    ,-1.71     ,0.52    ,-1.10    ,-0.63    ,-0.27    ,-0.22    ,-2.32    ,-0.85     ,1.68    ,-2.82    ,-0.36     ,1.41     ,2.41    ,-1.29     ,0.05     ,0.54     ,0.63    ,-0.69     ,3.36     ,1.39     ,0.48    ,-0.77     ,6.78     ,4.26     ,1.74
199902     ,0.28    ,-1.99    ,-0.53     ,2.34    ,-1.01    ,-1.60    ,-2.40     ,2.74    ,-2.25    ,-3.68    ,-2.74     ,0.69    ,-0.87    ,-2.98    ,-2.09     ,0.76    ,-4.83    ,-4.85    ,-0.44    ,-1.28    ,-3.60    ,-2.24    ,-4.53    ,-3.55    ,-3.02    ,-3.66    ,-3.72    ,-2.34    ,-2.65    ,-4.78    ,-4.01    ,-1.07
199903    ,15.25     ,7.14     ,8.56    ,15.70    ,17.40    ,11.35    ,11.97    ,14.70    ,17.14    ,11.32    ,13.62    ,14.19    ,18.93    ,15.83    ,17.38    ,22.60    ,10.89     ,6.97    ,16.68    ,15.09    ,13.30     ,9.60    ,11.76    ,12.53     ,9.52    ,10.49    ,11.10    ,20.56    ,16.76    ,15.23    ,19.58    ,21.54
199904     ,7.86     ,6.59     ,9.26    ,10.04    ,11.94     ,6.53     ,9.04     ,9.46    ,10.73    ,10.67    ,10.33     ,9.98    ,21.07    ,14.02    ,13.32    ,14.77     ,2.38     ,0.27     ,6.79     ,2.85     ,3.27     ,2.02     ,3.98     ,6.53     ,4.73     ,1.79     ,3.77     ,2.92     ,7.96     ,4.59    ,12.05    ,11.69
199905    ,-2.67    ,-1.89    ,-6.12    ,-6.81    ,-8.15    ,-4.53    ,-5.72    ,-3.05    ,-7.90    ,-5.23    ,-4.98    ,-1.71    ,-7.85    ,-4.39    ,-7.74    ,-7.12    ,-3.29    ,-5.64    ,-5.64    ,-3.82    ,-4.92    ,-3.21    ,-4.48    ,-7.04    ,-3.17    ,-1.94    ,-6.58    ,-6.80    ,-4.66    ,-2.86    ,-8.74    ,-8.43
199906    ,15.84    ,10.35    ,12.42    ,32.71    ,11.28    ,10.87    ,13.34    ,23.88    ,14.78    ,13.07    ,10.60    ,17.11    ,12.17    ,13.09    ,15.68    ,15.95     ,9.13     ,2.60    ,12.92    ,15.35     ,3.28     ,3.85     ,8.46     ,7.05     ,3.13     ,0.76     ,8.20    ,14.63     ,4.99    ,16.42    ,11.05    ,17.81
199907     ,3.59     ,4.42     ,5.93     ,6.23     ,9.40     ,7.13     ,6.19     ,6.04     ,6.70     ,7.79     ,8.26     ,5.66     ,9.55    ,12.08     ,7.40    ,12.57     ,8.22    ,12.02     ,8.78    ,14.38     ,5.50     ,7.62     ,9.94    ,11.49     ,8.91     ,5.43    ,10.54    ,14.44    ,11.19     ,9.47    ,10.90     ,9.88
199908     ,2.56     ,6.50     ,5.06     ,7.85     ,1.45     ,2.27     ,2.80     ,2.95     ,0.86     ,2.93     ,2.58     ,5.59     ,0.88     ,1.56     ,2.48     ,6.39     ,1.20     ,0.20    ,-3.90     ,8.52     ,2.63     ,5.73     ,1.93    ,-4.52    ,-1.82     ,4.56     ,2.03     ,2.09    ,12.94    ,10.03     ,6.05     ,4.62
199909     ,0.65     ,2.78     ,2.74     ,8.51     ,3.14     ,2.69     ,3.58     ,3.99     ,2.96    ,-0.35     ,1.28     ,1.70     ,0.39     ,1.22     ,1.31    ,-3.65     ,5.02     ,0.73     ,9.65    ,11.86    ,-0.94     ,0.16     ,4.84     ,8.47     ,6.57     ,4.68     ,8.41     ,2.53    ,13.39     ,9.33     ,4.82    ,11.28
199910     ,3.99     ,2.59     ,0.32     ,1.28     ,1.43    ,-1.31    ,-2.57    ,-4.59     ,0.35    ,-2.82    ,-2.40    ,-3.77    ,-2.88    ,-2.29    ,-3.65    ,-1.89    ,-1.31    ,-0.09    ,18.80    ,10.91    ,-3.36     ,3.53     ,2.09     ,6.68     ,2.83     ,0.97    ,-0.28     ,7.10    ,10.78     ,6.51     ,2.58     ,3.89
199911    ,-9.66    ,-3.18     ,4.58     ,1.75    ,-5.26    ,-0.07    ,-2.20    ,-1.31    ,-6.89    ,-5.56    ,-6.52    ,-4.53    ,-5.53    ,-6.25    ,-2.02    ,-0.13    ,-3.56     ,4.43    ,10.97    ,26.14     ,1.39    ,-3.64     ,1.29     ,6.93     ,0.24     ,0.20     ,2.02     ,0.96    ,-7.10    ,-3.13    ,-4.84     ,1.02
199912    ,-7.88    ,-6.60    ,-5.67    ,-2.52    ,-8.57    ,-5.17    ,-7.53    ,-9.11    ,-5.69    ,-6.67    ,-9.01    ,-7.13   ,-10.34    ,-7.32    ,-9.55     ,4.02    ,-6.10    ,-6.80    ,-1.44     ,9.60     ,9.16     ,2.85     ,7.09    ,29.65    ,-5.32    ,-2.59     ,1.47    ,-0.16   ,-10.77    ,-4.28    ,-7.62    ,-6.10
200001     ,1.49     ,0.17    ,-0.72    ,-4.05     ,1.06     ,0.51    ,-1.54     ,0.07    ,-1.03     ,0.28    ,-0.23    ,-0.31     ,1.69    ,-0.35     ,0.42    ,-2.59    ,-0.52    ,-4.05   ,-11.95    ,-8.38    ,-2.03    ,-1.94    ,-7.82    ,-7.71     ,1.24    ,-2.89     ,2.78     ,9.87     ,0.09    ,-4.29     ,4.69     ,3.53
200002    ,-4.72    ,-4.19    ,-4.43    ,-2.12    ,-5.03     ,1.52    ,-3.45     ,0.12    ,-2.60    ,-2.98    ,-4.72    ,-0.17    ,-4.35    ,-0.95    ,-7.33     ,4.93    ,-6.28    ,-6.89    ,-5.27     ,3.19    ,-4.64    ,-3.66    ,-5.91    ,-0.13    ,-6.74    ,-6.33     ,2.66    ,10.34   ,-10.20    ,-9.57    ,-9.10    ,-6.84
200003    ,19.10    ,10.12     ,6.41     ,6.20    ,13.54     ,4.82    ,10.65     ,5.77    ,12.43    ,10.73    ,11.56    ,10.54    ,16.50     ,7.79    ,11.51    ,14.97    ,12.38    ,12.67    ,11.32    ,-4.12     ,0.03     ,6.20    ,15.38    ,14.02    ,11.62    ,11.24    ,10.47    ,11.24    ,18.42     ,6.73    ,13.54     ,9.58
200004   ,-10.67   ,-11.02   ,-10.75   ,-10.22   ,-12.45   ,-12.05   ,-10.48    ,-9.62   ,-11.84   ,-10.69    ,-9.70    ,-9.38   ,-14.16   ,-10.14   ,-12.26   ,-16.88    ,-3.69     ,4.44   ,-17.49    ,-9.94    ,-1.79    ,-2.82    ,-5.02    ,-8.88    ,-6.37    ,-7.57    ,-3.35   ,-10.53   ,-11.24    ,-6.16    ,-6.27    ,-1.42
200005     ,2.51     ,2.04     ,0.03    ,-1.50     ,2.11    ,-1.74     ,5.98     ,1.47     ,1.64     ,3.15     ,6.07     ,7.12     ,0.00     ,5.20     ,1.94     ,2.33    ,-1.63     ,0.34    ,-8.62   ,-16.81     ,2.19    ,-2.48     ,0.22   ,-10.10    ,-2.17     ,1.93     ,4.48    ,-3.75    ,-2.20     ,0.92     ,0.07    ,-6.10
200006     ,9.93    ,10.39     ,9.95     ,7.19     ,7.62    ,11.94    ,10.84    ,13.42    ,15.57    ,13.23    ,15.40    ,15.89    ,11.49    ,12.29    ,13.08    ,14.30     ,5.07     ,4.97     ,7.68     ,4.16     ,9.25     ,6.81     ,6.50     ,1.75     ,7.14     ,6.24    ,10.02     ,8.27     ,4.91    ,10.79    ,12.74    ,11.32
200007   ,-15.83   ,-15.01   ,-11.36   ,-12.95   ,-15.70   ,-11.33    ,-7.95    ,-9.56   ,-10.51    ,-9.02    ,-8.90    ,-8.23    ,-9.64   ,-10.94    ,-6.73    ,-5.99   ,-20.13   ,-10.27   ,-10.85   ,-13.82   ,-13.84   ,-11.53    ,-6.73    ,-9.29    ,-8.07    ,-9.64    ,-8.78   ,-11.24   ,-12.12   ,-11.87    ,-5.00   ,-13.95
200008    ,11.47     ,7.66     ,7.69     ,7.94     ,7.66     ,8.80     ,5.52     ,7.48     ,5.69    ,10.48     ,4.78     ,6.75     ,5.13     ,4.73     ,4.09     ,3.31    ,23.68    ,13.08     ,5.52     ,7.83     ,8.99     ,3.54     ,5.00     ,0.94     ,3.84     ,1.94     ,4.17     ,6.79     ,5.65     ,5.69     ,6.48     ,1.46
200009    ,-8.11    ,-6.92    ,-4.61    ,-7.84    ,-6.56    ,-3.53    ,-2.83    ,-3.53    ,-4.41    ,-3.53    ,-2.61    ,-4.16    ,-5.75    ,-2.77    ,-2.51    ,-2.47   ,-18.30   ,-10.50    ,-3.25    ,-5.14    ,-1.88    ,-3.02     ,0.94    ,-6.78    ,-2.41    ,-1.52     ,1.89     ,2.05     ,1.23    ,-0.72    ,-1.56    ,-0.53
200010   ,-14.28   ,-13.43   ,-10.99   ,-12.70   ,-12.10    ,-6.76    ,-7.75    ,-6.88    ,-8.15    ,-8.08    ,-7.35    ,-3.92   ,-11.12    ,-9.09    ,-7.98    ,-3.78   ,-19.22   ,-15.54   ,-10.64    ,-9.48    ,-4.23    ,-5.40    ,-3.64    ,-3.91     ,3.48     ,1.47    ,-2.98    ,-4.21     ,3.07    ,-4.53    ,-6.40    ,-8.00
200011     ,2.76    ,-3.50    ,-1.04    ,-3.41     ,4.44     ,4.12     ,1.51     ,0.86     ,4.47     ,2.23     ,0.48     ,3.56     ,3.16     ,1.55     ,1.13     ,2.16    ,-7.10    ,-5.22    ,-2.93    ,-1.13    ,-7.44     ,0.34    ,-2.19    ,-7.07    ,-7.23     ,0.87    ,-0.37    ,-0.70    ,-0.85     ,3.82     ,1.93    ,-0.63
200012   ,-11.31    ,-9.38   ,-11.13   ,-10.36    ,-8.06    ,-7.05    ,-5.56    ,-8.21    ,-6.26    ,-7.63    ,-6.08    ,-5.70    ,-8.90    ,-5.63    ,-4.97    ,-5.73   ,-20.03   ,-11.00    ,-8.47   ,-20.27    ,-6.12    ,-4.12     ,0.22    ,-6.40    ,-3.70    ,-3.20    ,-3.66    ,-3.62    ,-7.25    ,-5.93    ,-5.68     ,2.30
200101     ,0.83     ,0.93    ,-1.38     ,1.20     ,0.83    ,-2.70    ,-1.81    ,-2.94    ,-2.01     ,0.18    ,-1.98    ,-2.18    ,-1.27     ,0.26    ,-2.45     ,1.57    ,18.79     ,4.22    ,-0.74     ,2.89    ,-0.05    ,-5.11    ,-5.61     ,0.93    ,-4.53    ,-5.26    ,-2.88    ,-3.68    ,-0.30    ,-2.95    ,-2.66    ,-5.60
200102    ,-3.07     ,0.83    ,-0.03     ,0.75     ,0.59    ,-0.10     ,1.46    ,-0.17     ,1.50     ,3.23     ,3.50    ,-1.33     ,4.10     ,3.44     ,2.30     ,1.32   ,-15.52   ,-10.16   ,-11.92   ,-11.95    ,-2.21    ,-2.29    ,-0.81    ,-0.98    ,-5.23    ,-0.97    ,-4.69    ,-4.26     ,1.55    ,-0.54    ,-0.45     ,2.97
200103    ,-3.33    ,-6.05    ,-3.32    ,-3.22    ,-2.80    ,-2.01    ,-4.52    ,-5.17    ,-2.11    ,-1.36    ,-3.00    ,-2.44     ,1.39    ,-1.72    ,-1.48    ,-1.53    ,-6.93    ,-1.91    ,-1.42    ,-4.56    ,-7.05    ,-2.68    ,-2.63    ,-0.12    ,-6.46    ,-4.63    ,-3.54    ,-0.68    ,-3.11    ,-4.22    ,-5.43    ,-4.08
200104    ,11.45     ,9.35     ,8.80     ,6.92    ,13.00    ,12.60    ,11.22     ,7.17    ,15.08    ,13.55    ,12.43    ,10.54    ,17.09    ,16.52    ,13.88    ,14.53     ,9.81     ,4.63     ,6.96    ,11.96    ,12.35     ,7.38     ,4.62     ,0.08     ,6.46    ,12.12     ,9.25    ,12.23    ,15.18    ,13.69    ,10.74    ,10.30
200105     ,1.59     ,1.22     ,1.89     ,5.26     ,2.05    ,-0.50     ,1.04     ,5.23     ,0.33     ,1.39     ,0.77     ,4.40    ,-0.43    ,-2.10     ,1.49     ,5.32    ,-4.96     ,0.00    ,-1.82    ,-2.62    ,-3.66     ,1.42     ,4.18     ,4.90     ,2.01     ,2.07     ,1.81    ,-2.70     ,0.34     ,1.09     ,0.48     ,1.05
200106    ,-4.82    ,-5.14    ,-5.46    ,-5.07    ,-2.61     ,1.60    ,-0.91    ,-1.38     ,3.96     ,0.09     ,0.52    ,-3.74    ,-0.25    ,-0.84     ,0.74     ,0.42   ,-15.18   ,-13.62    ,-9.87    ,-9.11    ,-3.67    ,-2.60    ,-3.60    ,-1.07    ,-4.79    ,-2.48    ,-0.74    ,-0.32    ,-1.68    ,-0.52    ,-3.68    ,-3.32
200107    ,-9.71    ,-7.78   ,-10.46   ,-10.82    ,-7.00    ,-5.24    ,-5.50    ,-8.04    ,-7.35    ,-6.12    ,-3.75    ,-8.28    ,-5.62    ,-7.07    ,-4.79    ,-7.68    ,-5.98    ,-9.01   ,-15.35    ,-9.20    ,-7.81    ,-8.40    ,-3.69    ,-8.27    ,-7.65    ,-8.21    ,-3.70    ,-5.15    ,-7.78    ,-5.15    ,-4.78    ,-2.54
200108    ,-0.50    ,-1.34    ,-1.82    ,-1.65     ,3.47     ,2.57     ,0.84     ,1.61     ,3.81     ,5.45     ,2.40     ,5.79     ,6.35     ,5.39     ,5.01     ,7.03    ,-7.59     ,8.65    ,-8.06   ,-10.03    ,-4.93    ,-1.22    ,-1.85    ,-6.55     ,3.53     ,1.09     ,0.83    ,-0.86     ,1.48     ,2.01     ,3.44     ,6.07
200109    ,-9.61    ,-9.09    ,-8.27    ,-8.14    ,-8.96    ,-5.90    ,-5.84    ,-8.73    ,-8.42    ,-8.32    ,-6.55    ,-9.84   ,-10.29    ,-9.23    ,-7.46   ,-12.89   ,-15.84    ,-6.89     ,0.61    ,-7.78   ,-12.01    ,-3.81    ,-5.34   ,-12.60   ,-12.36    ,-9.56    ,-5.64    ,-8.05   ,-11.15    ,-7.69    ,-5.73    ,-9.37
200110     ,4.92     ,2.16     ,3.24     ,5.98     ,2.70     ,0.58     ,1.52     ,3.82     ,1.10     ,2.48     ,1.17     ,2.39     ,1.93     ,1.08     ,0.35    ,-0.42     ,6.17    ,-3.14     ,3.35     ,6.36     ,4.10     ,0.13    ,-3.41    ,-0.93     ,3.46     ,0.42    ,-1.44     ,2.00    ,-0.72    ,-1.26    ,-2.43     ,3.76
200111    ,-6.98    ,-7.10    ,-3.40    ,-3.78    ,-8.47    ,-6.26    ,-5.59    ,-3.75    ,-5.13    ,-5.69    ,-5.81    ,-6.74    ,-6.42    ,-5.31    ,-3.89    ,-5.81     ,2.41    ,-7.86     ,1.85     ,4.55     ,2.94    ,-0.66    ,-3.38     ,0.72    ,-6.21    ,-1.82    ,-5.05    ,-1.95    ,-3.82    ,-4.79    ,-6.02    ,-8.74
200112   ,-13.98   ,-11.58    ,-9.81   ,-11.14   ,-11.38    ,-9.89    ,-7.90   ,-11.61   ,-10.61   ,-10.39    ,-9.69   ,-11.40   ,-12.02   ,-11.54    ,-9.86    ,-9.69    ,-3.72   ,-12.03    ,-7.63    ,-9.75    ,-6.17    ,-6.61   ,-10.72    ,-6.32    ,-7.70    ,-4.69    ,-4.65    ,-6.01   ,-10.59    ,-5.36    ,-8.07    ,-8.14
200201    ,-6.25    ,-5.61    ,-5.70    ,-6.17    ,-6.72    ,-6.04    ,-5.60    ,-4.25    ,-5.80    ,-5.90    ,-4.97    ,-5.60    ,-4.66    ,-3.53    ,-5.07    ,-2.30    ,-9.36   ,-11.30    ,-9.81    ,-8.14    ,-7.00   ,-10.57    ,-8.75    ,-2.33    ,-3.36    ,-6.77    ,-6.89    ,-6.14    ,-6.60    ,-7.63    ,-5.72    ,-3.33
200202     ,6.80     ,5.33     ,7.47     ,4.45     ,8.46     ,7.50     ,5.80     ,7.25     ,8.90     ,7.75     ,5.32     ,6.67     ,8.78     ,7.73     ,9.14     ,7.29     ,8.82     ,1.86     ,4.07     ,5.04     ,6.45     ,3.09     ,5.31     ,3.77     ,7.64     ,3.09     ,3.25     ,8.10     ,6.78     ,8.52     ,5.49    ,10.19
200203     ,4.64     ,6.21     ,7.16     ,6.92     ,1.44     ,0.99     ,3.08     ,4.85     ,4.79     ,1.65     ,2.80     ,6.18     ,3.72     ,1.91     ,2.44     ,3.46     ,7.24     ,3.18    ,11.59     ,5.27     ,6.31     ,4.86     ,6.98     ,6.25     ,3.99     ,2.37     ,1.86     ,4.82     ,4.95    ,-0.73     ,4.08     ,2.17
200204     ,6.29     ,7.29     ,5.90     ,7.88     ,4.95     ,4.48     ,6.25     ,5.75     ,7.68     ,4.20     ,4.93     ,2.71     ,6.75     ,5.28     ,4.31     ,6.27     ,5.40     ,7.26     ,3.58     ,4.98     ,6.94     ,7.04     ,7.06     ,3.13     ,6.27     ,5.90     ,3.00     ,5.60     ,6.61     ,5.53     ,5.45     ,3.40
200205    ,10.26     ,8.35     ,8.48     ,9.33    ,12.43     ,8.39     ,8.06     ,8.96    ,10.70     ,8.32     ,9.28     ,9.76    ,13.53    ,10.72     ,8.34    ,11.62     ,2.62    ,15.41     ,5.52     ,4.47     ,3.46     ,6.71     ,9.32     ,4.41     ,8.77     ,7.45     ,7.32    ,10.30    ,11.75    ,10.23     ,9.69    ,13.55
200206    ,-3.93    ,-4.47    ,-3.27    ,-2.21    ,-3.32    ,-1.94    ,-1.72    ,-2.42    ,-5.50    ,-1.73    ,-1.38    ,-2.42    ,-3.26    ,-1.91    ,-0.83    ,-4.52    ,-4.19    ,-6.28    ,-5.92    ,-5.13    ,-5.22    ,-3.45    ,-6.61    ,-4.03    ,-5.46    ,-3.90     ,1.66    ,-4.12    ,-2.89    ,-1.60    ,-3.61    ,-6.22
200207    ,-0.96    ,-1.89    ,-1.77    ,-3.15    ,-2.70    ,-1.20    ,-1.30    ,-2.51    ,-0.95     ,0.09    ,-1.86    ,-3.57     ,0.47    ,-1.09    ,-1.70    ,-1.00    ,-2.63    ,-7.29    ,-7.22   ,-10.20    ,-6.11    ,-5.65    ,-7.83    ,-3.21    ,-4.07    ,-6.24    ,-7.20    ,-1.65    ,-6.72    ,-5.63    ,-4.80    ,-6.31
200208    ,-2.16    ,-1.73    ,-0.67    ,-5.56    ,-1.54    ,-0.31     ,0.00     ,0.08    ,-0.86    ,-0.71    ,-0.24    ,-2.16    ,-2.45    ,-1.69    ,-0.93    ,-4.59     ,2.94    ,-0.75    ,-2.46    ,-2.23    ,-1.15    ,-2.35     ,0.39    ,-0.70    ,-3.86     ,1.16     ,0.01    ,-4.10    ,-0.44    ,-1.29    ,-0.62     ,0.59
200209    ,-4.00    ,-2.38    ,-3.15    ,-8.10    ,-3.73    ,-1.81    ,-4.34    ,-4.83    ,-1.78    ,-2.70    ,-2.22    ,-4.99    ,-5.68    ,-4.18    ,-3.78    ,-4.52    ,-2.64    ,-4.71    ,-6.41   ,-11.72    ,-5.10    ,-8.09    ,-0.46    ,-5.65    ,-0.98    ,-4.54    ,-1.91    ,-3.83    ,-3.99    ,-3.65    ,-1.07    ,-2.86
200210   ,-10.65    ,-8.37    ,-7.15    ,-9.46    ,-7.89    ,-6.17    ,-5.70    ,-7.93    ,-8.36    ,-5.75    ,-7.54    ,-7.78    ,-7.77    ,-7.42    ,-5.85    ,-6.71    ,-4.11     ,0.40   ,-10.25    ,-0.61    ,-5.71    ,-7.98    ,-8.39    ,-9.71    ,-7.88    ,-5.27    ,-7.87    ,-7.04   ,-13.04    ,-1.84    ,-5.35   ,-10.24
200211    ,-3.11    ,-1.24    ,-2.09    ,-3.51    ,-1.47    ,-2.15    ,-0.21     ,0.57    ,-3.54    ,-2.52    ,-1.27    ,-0.56    ,-3.32    ,-2.02    ,-2.52    ,-2.87     ,2.04     ,1.77     ,6.26     ,7.48     ,2.30     ,7.02     ,4.63     ,7.72     ,1.23     ,2.58     ,3.14     ,1.77     ,3.91    ,-0.29     ,0.12     ,2.74
200212    ,-1.51    ,-0.40     ,0.51     ,0.02    ,-1.33    ,-0.36     ,0.71    ,-1.62     ,0.83    ,-0.34     ,1.12    ,-1.38     ,0.35     ,1.94     ,0.31    ,-0.16    ,-1.41    ,-1.71    ,-3.72    ,-6.50     ,2.65    ,-3.50    ,-1.83    ,-4.89    ,-0.14     ,1.80    ,-0.61    ,-4.42    ,-1.86     ,0.08     ,2.34    ,-0.77
200301     ,1.59    ,-0.03    ,-0.78    ,-0.65    ,-0.05    ,-0.89    ,-2.20    ,-0.16     ,2.26     ,2.48     ,1.10     ,0.85     ,5.58     ,0.99     ,3.80     ,2.42    ,-4.47    ,-4.91    ,-8.51    ,-3.71    ,-2.31    ,-1.50    ,-4.95    ,-6.63     ,0.36    ,-0.83    ,-1.09    ,-5.14    ,-0.02    ,-3.48    ,-4.76    ,-0.73
200302     ,8.07     ,1.90     ,4.85     ,0.10     ,8.39     ,6.21     ,6.15     ,4.93     ,7.68     ,7.32     ,6.79     ,8.56    ,11.23     ,7.01     ,7.19     ,5.12     ,1.00     ,0.92    ,-2.26    ,-1.28     ,4.14     ,4.71    ,-2.22     ,4.03     ,1.68     ,3.18     ,1.61     ,4.77     ,9.97     ,1.30     ,4.46     ,2.33
200303    ,-0.19     ,3.56     ,0.13    ,-1.49     ,3.39     ,1.37     ,0.73    ,-0.61    ,-0.12     ,1.16     ,0.89     ,1.27    ,-0.66     ,0.28     ,1.30     ,3.21    ,-5.10    ,-3.78    ,-0.12    ,-3.41    ,-2.12    ,-5.53    ,-4.61    ,-5.17    ,-0.11    ,-1.23    ,-3.95    ,-5.61    ,-5.31    ,-0.78     ,0.18    ,-0.05
200304     ,6.19     ,3.78     ,1.30     ,5.16     ,4.84     ,2.88     ,4.19     ,3.79     ,4.37     ,4.02     ,2.38     ,3.51     ,7.26     ,8.05     ,4.15     ,7.50     ,6.81     ,2.72    ,-4.13    ,-0.28     ,3.50     ,2.95    ,-0.66    ,-1.86     ,1.68     ,2.33    ,-0.40     ,0.67    ,-1.24     ,0.62     ,2.31     ,4.61
200305     ,6.43     ,5.41     ,3.52     ,7.20     ,4.93     ,3.77     ,2.92     ,4.81     ,5.60     ,4.39     ,8.14     ,5.09    ,10.87     ,8.00    ,11.81     ,9.03     ,4.61     ,2.71     ,6.12     ,6.06     ,2.94     ,4.40     ,4.63     ,8.44     ,2.08     ,0.86     ,3.34     ,4.38     ,2.15     ,4.87     ,1.70     ,5.06
200306    ,10.05     ,4.74     ,2.54     ,7.60    ,10.58     ,4.57     ,5.15     ,5.81    ,13.29     ,7.91     ,6.62    ,10.32    ,19.49     ,9.02    ,10.64    ,12.17     ,8.61     ,8.24     ,5.41     ,4.50     ,4.51     ,7.25     ,9.21     ,5.18     ,6.65     ,4.03    ,10.16    ,10.51    ,15.10     ,6.29     ,7.76    ,12.65
200307     ,1.96     ,2.99     ,1.82     ,4.03     ,4.22     ,1.93     ,1.98     ,3.60     ,3.01     ,0.94     ,1.54     ,3.21    ,-0.34    ,-0.43    ,-0.67     ,0.60     ,7.66     ,3.03     ,4.54     ,3.31     ,3.95     ,3.20     ,0.80     ,0.55     ,4.97     ,4.68     ,4.40     ,0.91     ,3.99     ,6.22    ,-0.81     ,2.24
200308    ,15.61     ,7.77     ,6.89     ,7.04    ,11.22    ,11.47     ,7.18     ,7.79    ,10.58     ,9.63     ,8.38     ,8.35    ,10.61    ,10.87    ,10.51     ,7.39    ,12.06     ,7.55     ,8.81     ,6.51     ,9.28    ,10.19     ,6.88    ,10.77     ,8.84    ,10.70     ,7.70    ,11.62    ,15.59    ,10.14     ,6.17    ,11.93
200309    ,10.13     ,7.37     ,8.44    ,13.49     ,6.60     ,8.23     ,8.37    ,12.02     ,9.16     ,6.90     ,7.84     ,4.01     ,8.35     ,5.69    ,10.12     ,8.89     ,4.97     ,8.89     ,0.94    ,10.09     ,6.38     ,2.76     ,8.56     ,5.90     ,4.89     ,5.45    ,11.33     ,9.50     ,7.53     ,2.54     ,8.00    ,14.97
200310    ,16.82     ,6.42     ,3.60    ,14.75     ,4.69     ,5.27     ,2.80    ,10.33     ,5.26     ,0.66     ,5.46     ,3.83     ,5.99     ,2.95     ,2.23     ,3.68     ,9.36     ,4.24    ,-3.62     ,3.70     ,4.90     ,2.31     ,2.33     ,1.54     ,9.20     ,7.78     ,7.19     ,2.46     ,7.15     ,6.45     ,1.21     ,7.97
200311    ,-7.81    ,-6.90    ,-3.61    ,-8.14    ,-6.87    ,-7.11    ,-5.35    ,-6.27    ,-8.60    ,-5.86    ,-4.86    ,-5.37    ,-8.45    ,-7.51    ,-7.92    ,-8.52    ,-6.06    ,-4.65    ,-2.43    ,-3.30    ,-6.52     ,1.10    ,-3.10     ,0.86    ,-4.51    ,-3.65    ,-8.29    ,-4.23    ,-6.41    ,-4.96    ,-1.55    ,-6.95
200312     ,6.38     ,2.16     ,4.13     ,3.70     ,6.67     ,5.35     ,7.74     ,5.26     ,5.66     ,5.38     ,7.07     ,5.26     ,3.70     ,7.02     ,8.14     ,6.57     ,6.66     ,4.00     ,5.03     ,3.67     ,5.84     ,4.52     ,5.91     ,8.21     ,9.14     ,9.21     ,5.31     ,8.23     ,7.43     ,8.72     ,8.45    ,11.02
200401     ,7.78     ,3.78     ,3.42     ,6.71     ,7.12     ,5.42     ,2.15     ,7.86     ,9.80     ,8.37     ,8.51     ,5.07    ,10.63     ,8.27    ,10.58    ,10.51     ,2.60     ,2.21     ,0.72     ,3.04     ,2.87     ,0.54     ,2.20     ,0.24     ,3.53     ,1.24     ,1.47     ,8.43     ,2.81     ,4.44    ,-1.50     ,0.14
200402    ,-4.05    ,-0.14    ,-1.02    ,-1.15    ,-2.54     ,1.12     ,0.05    ,-0.01    ,-0.14     ,0.43     ,1.16     ,3.29    ,-0.21     ,2.52     ,4.57     ,3.04    ,-6.63    ,-4.39    ,-2.26     ,4.58    ,-1.43    ,-1.78     ,2.14     ,2.60    ,-3.71     ,1.27    ,-0.45     ,2.92     ,0.16    ,-0.09     ,3.18     ,2.75
200403    ,24.60    ,21.37    ,17.02    ,25.16    ,19.86    ,17.13    ,18.10    ,24.65    ,21.35    ,20.04    ,21.31    ,22.59    ,28.35    ,25.20    ,26.13    ,29.29    ,11.92     ,9.72     ,8.40    ,12.69    ,14.29    ,15.60    ,10.07    ,13.19    ,15.04    ,12.18    ,15.00    ,17.19    ,19.59    ,15.14    ,15.85    ,21.19
200404    ,-0.38     ,7.65     ,1.25     ,6.53    ,-0.55    ,-1.26    ,-0.06     ,1.74    ,-1.15    ,-1.20    ,-2.02    ,-2.71    ,-1.88     ,0.09     ,0.04     ,0.87    ,-2.22    ,-3.52    ,-5.45    ,-4.59    ,-4.64    ,-5.84    ,-5.35    ,-6.47    ,-7.16    ,-6.60    ,-7.31    ,-5.47    ,-5.87    ,-5.58    ,-3.40    ,-8.38
200405    ,-8.13    ,-8.40    ,-3.65    ,-7.94    ,-6.64    ,-3.68    ,-2.70    ,-5.66    ,-5.59    ,-4.31    ,-5.10    ,-4.39    ,-7.84    ,-5.44    ,-5.93    ,-9.26    ,-3.71    ,-1.83    ,-5.12    ,-4.42    ,-3.10    ,-3.65     ,1.45     ,0.38    ,-2.61    ,-0.46    ,-1.38    ,-1.72    ,-2.93    ,-3.60    ,-1.54    ,-2.86
200406     ,8.78     ,8.48     ,8.27    ,14.39     ,7.42     ,8.63     ,6.72    ,12.60     ,9.01    ,10.40    ,12.60    ,10.87    ,10.10    ,10.10    ,10.59     ,9.08     ,4.58     ,2.79     ,2.54     ,4.33     ,3.57     ,3.57     ,6.05     ,8.90     ,5.43     ,3.68     ,3.73     ,5.03     ,6.29     ,6.93     ,6.69     ,6.94
200407    ,-9.89    ,-6.54    ,-8.51   ,-11.15    ,-8.26    ,-5.67    ,-4.30    ,-6.61    ,-6.55    ,-3.88    ,-3.41    ,-5.14    ,-4.45    ,-4.47    ,-3.88    ,-3.34   ,-10.42    ,-7.31    ,-6.44    ,-9.92    ,-8.08    ,-5.25    ,-5.85    ,-3.96    ,-8.09    ,-5.13    ,-5.03    ,-5.88    ,-7.25    ,-4.30    ,-4.90    ,-3.38
200408     ,2.79     ,0.45    ,-0.03     ,1.35     ,2.24     ,1.21     ,0.11     ,0.62     ,3.67     ,0.13     ,1.88     ,1.37     ,2.45     ,2.15     ,1.40     ,1.13     ,2.18     ,2.38     ,4.12     ,2.98     ,3.15     ,2.81     ,0.61    ,-0.51     ,0.00    ,-3.01     ,0.58    ,-2.05     ,0.70     ,1.96     ,0.18     ,2.50
200409    ,-4.39    ,-4.08    ,-5.43    ,-6.25    ,-3.03    ,-3.27    ,-2.63    ,-4.20    ,-2.65    ,-2.78    ,-2.60    ,-2.21    ,-0.41    ,-1.11    ,-1.48    ,-1.91    ,-2.69    ,-1.84    ,-5.10    ,-4.06     ,0.26    ,-2.45    ,-2.57    ,-2.52    ,-2.48    ,-4.50    ,-1.88    ,-3.21    ,-1.57    ,-1.31    ,-1.72    ,-2.11
200410     ,4.58     ,2.19     ,0.48     ,1.19     ,3.03     ,3.33     ,2.58     ,1.66     ,3.11     ,2.51     ,1.26     ,4.90     ,4.17     ,4.16     ,4.19     ,2.50     ,1.73    ,-0.11     ,3.46     ,3.92     ,0.79     ,2.10     ,2.40     ,2.06     ,2.43     ,4.12     ,2.59     ,0.96     ,2.61     ,2.31     ,1.14     ,1.12
200411     ,4.47     ,2.70     ,2.22     ,4.79     ,4.02     ,2.24     ,1.27     ,1.68     ,3.07     ,3.41     ,3.54     ,3.01     ,4.64     ,2.66     ,3.28     ,1.41     ,4.07     ,2.49     ,0.88     ,4.24     ,5.94     ,3.70     ,6.62     ,1.38     ,5.99     ,4.74     ,3.00     ,5.02     ,3.59     ,4.79     ,5.51     ,0.48
200412     ,3.48     ,2.45     ,3.20     ,4.46     ,4.37     ,5.04     ,5.12     ,4.76     ,6.04     ,5.98     ,5.04     ,6.04     ,4.78     ,5.65     ,3.69     ,5.03     ,5.76     ,5.65     ,5.66     ,4.76     ,3.39     ,2.76     ,4.68     ,6.63     ,3.38     ,3.26     ,7.10     ,4.17     ,5.19     ,6.65     ,6.30     ,8.98
200501     ,7.17     ,4.82     ,4.32     ,5.71     ,4.16     ,4.17     ,2.91     ,5.72     ,5.30     ,5.53     ,3.41     ,2.01     ,6.95     ,4.94     ,4.99     ,4.83    ,-2.72    ,-0.46    ,-2.78    ,-2.05    ,-0.65     ,0.46    ,-3.67    ,-3.31     ,2.53    ,-1.47    ,-2.06    ,-1.11    ,-0.67     ,0.32     ,3.08    ,-1.52
200502     ,3.55     ,6.48     ,2.32     ,0.52     ,6.59     ,3.35     ,3.59     ,3.61     ,4.38     ,4.00     ,4.60     ,5.50     ,5.98     ,6.55     ,5.84     ,6.22     ,1.71     ,2.56    ,-0.51    ,-0.67     ,3.51     ,2.56     ,1.38     ,1.70     ,2.83     ,2.42     ,0.71     ,3.44     ,2.27     ,3.86     ,1.19    ,-0.12
200503     ,0.29    ,-0.18     ,0.79    ,-1.78     ,0.73    ,-0.49     ,1.57    ,-0.07     ,2.69     ,2.43     ,1.48     ,4.32     ,2.55     ,2.17     ,4.58     ,6.28    ,-3.36    ,-2.04    ,-2.41    ,-3.03    ,-2.46    ,-1.16    ,-2.40    ,-1.58    ,-0.79     ,0.26    ,-1.27    ,-1.62     ,0.66     ,1.22     ,1.65     ,0.66
200504    ,-1.09    ,-1.19     ,1.29     ,2.09    ,-0.30    ,-0.98     ,0.62    ,-0.27    ,-1.42    ,-0.88     ,0.40     ,0.91     ,1.42     ,1.49     ,0.99     ,2.54    ,-3.56    ,-4.79    ,-5.10    ,-1.42    ,-1.93    ,-2.07    ,-1.40    ,-2.71    ,-0.88    ,-1.72    ,-2.14    ,-5.09    ,-0.28     ,1.39    ,-2.59    ,-2.37
200505    ,-4.63    ,-2.74    ,-2.07    ,-5.31    ,-1.27    ,-3.11    ,-2.97    ,-2.76    ,-6.32    ,-4.18    ,-4.17    ,-4.54    ,-4.99    ,-5.96    ,-5.17    ,-4.63    ,-1.31    ,-1.60    ,-2.05    ,-4.04    ,-3.18    ,-3.04    ,-2.11    ,-1.22    ,-1.72    ,-2.42    ,-0.66    ,-3.61    ,-3.10    ,-1.70    ,-1.72    ,-2.15
200506     ,4.68     ,2.48     ,3.06     ,3.38     ,2.47     ,3.06     ,2.27     ,3.69     ,2.24     ,2.10     ,0.87     ,2.00     ,0.65     ,2.39     ,0.70     ,0.08     ,1.20    ,-0.71     ,0.16     ,2.34     ,0.96     ,0.88    ,-0.22     ,0.14     ,2.26     ,2.40     ,0.51    ,-1.46     ,1.50     ,2.28     ,1.49    ,-1.96
200507     ,4.06     ,4.71     ,3.60     ,2.16     ,1.80     ,1.26     ,1.00     ,2.26     ,3.05     ,2.00     ,1.39     ,1.06     ,2.49     ,2.05     ,0.83     ,1.51    ,-2.43    ,-0.32     ,3.11     ,1.81     ,1.00    ,-1.13     ,1.72    ,-1.52     ,1.11     ,1.97     ,1.22    ,-2.15     ,3.15    ,-0.57    ,-0.65    ,-0.10
200508     ,5.47     ,5.60     ,0.40     ,0.94     ,4.65     ,4.04     ,3.28     ,2.92     ,2.42     ,5.10     ,3.49     ,3.63     ,4.41     ,4.46     ,3.47     ,4.79    ,14.41    ,14.66     ,5.05     ,6.83     ,7.22     ,6.87     ,8.12     ,6.75     ,4.58     ,5.76     ,7.52     ,6.57     ,4.58     ,6.50     ,6.79     ,6.56
200509     ,0.15     ,3.62    ,-1.48    ,-1.94     ,3.64     ,2.90     ,3.82     ,3.33     ,2.36     ,4.47     ,4.87     ,7.31     ,5.44     ,3.03     ,5.09     ,5.06    ,10.44     ,9.14     ,8.55     ,3.98    ,12.63     ,8.06    ,11.54     ,8.77     ,9.34     ,9.65     ,7.92     ,5.54     ,3.02     ,7.49     ,8.45    ,11.51
200510     ,1.96     ,1.81     ,0.68     ,4.18     ,2.84     ,3.11     ,1.40     ,1.46     ,1.97     ,3.69     ,0.91     ,1.93     ,1.44     ,1.39    ,-0.41     ,3.25     ,0.37     ,3.07    ,-2.53    ,-3.39    ,-0.43    ,-1.33    ,-1.67    ,-2.09    ,-1.76     ,0.84     ,1.18     ,4.28     ,0.71     ,4.06     ,5.51     ,4.35
200511     ,1.76    ,-1.16     ,3.59     ,2.87     ,5.35     ,1.75     ,4.79     ,4.19     ,2.20     ,0.98     ,3.06     ,3.85     ,2.82     ,2.41     ,1.81     ,0.12     ,7.78     ,4.29    ,-0.05     ,7.88     ,4.61     ,4.57     ,5.42     ,8.69    ,-2.28    ,-1.62     ,4.41    ,-1.45     ,4.03    ,-2.19    ,-1.74    ,-1.56
200512    ,12.51    ,10.66    ,15.07    ,19.31    ,12.22     ,9.79    ,11.86    ,14.15    ,10.15    ,12.54    ,11.59    ,15.38     ,8.71     ,9.10     ,9.91     ,9.18    ,11.37    ,12.16     ,4.07    ,19.79     ,9.49    ,11.52     ,7.26    ,10.76     ,5.84     ,9.40     ,8.82     ,8.39     ,2.50     ,5.63     ,8.02     ,9.50
200601     ,4.49     ,8.80     ,4.42    ,-0.77     ,0.59     ,5.34     ,6.98     ,5.50     ,2.70     ,2.52     ,6.19     ,6.15     ,3.92     ,4.43     ,5.24    ,10.10     ,6.85     ,3.81     ,5.25    ,-1.31     ,4.60     ,3.22     ,4.89     ,3.87     ,3.64     ,5.51     ,4.42     ,8.45     ,5.64     ,2.49     ,3.69     ,3.38
200602    ,-9.71    ,-7.76    ,-6.04    ,-7.78    ,-6.85    ,-5.02    ,-6.15    ,-5.75    ,-5.76    ,-6.48    ,-4.71    ,-3.89    ,-6.14    ,-5.13    ,-5.23    ,-5.35    ,-6.84    ,-1.15    ,-3.74    ,-6.43     ,0.08    ,-2.64     ,0.17    ,-0.76    ,-1.89     ,1.36    ,-0.57     ,0.37    ,-0.23    ,-1.35    ,-0.61     ,3.78
200603     ,3.83     ,3.24     ,4.22     ,4.15     ,2.09     ,2.59     ,3.32     ,2.47     ,1.91     ,3.18     ,2.98     ,6.82     ,1.53     ,3.26     ,0.56     ,1.58     ,1.92     ,0.71     ,3.16     ,2.92     ,4.35     ,5.07     ,3.10     ,7.19     ,0.20     ,2.53     ,3.96     ,1.49     ,2.44     ,3.54     ,2.44     ,3.08
200604     ,1.46    ,-0.33     ,1.21     ,0.19     ,0.59     ,2.60     ,4.44     ,0.26     ,2.88     ,1.79     ,1.32     ,0.64     ,0.96     ,1.10     ,1.26     ,2.25    ,-0.10     ,2.78     ,3.18    ,-1.38     ,1.66     ,3.14     ,5.42     ,4.38     ,2.19     ,3.83     ,1.17     ,2.97     ,5.14     ,2.26    ,-0.05     ,1.86
200605   ,-13.63    ,-8.67   ,-10.54   ,-11.11    ,-9.85    ,-6.20    ,-7.43    ,-7.15    ,-8.53    ,-7.10    ,-7.33   ,-10.11    ,-8.93    ,-6.43    ,-6.26    ,-5.00    ,-7.23    ,-6.95    ,-2.75    ,-6.81    ,-3.87    ,-7.84    ,-9.53    ,-9.61    ,-0.83    ,-5.89    ,-8.37    ,-8.48    ,-7.73    ,-6.27    ,-7.54    ,-7.45
200606    ,-2.81    ,-5.19    ,-1.24    ,-2.11    ,-3.29    ,-1.49    ,-4.08    ,-2.19    ,-4.38    ,-3.55    ,-3.47    ,-1.08    ,-4.87    ,-4.17    ,-4.69    ,-4.88    ,-1.14     ,2.21    ,-4.69    ,-3.54    ,-1.31    ,-0.07    ,-1.01     ,0.22    ,-1.22    ,-0.34    ,-1.63    ,-0.34    ,-1.95    ,-1.72    ,-0.78    ,-1.84
200607    ,-8.43    ,-8.58    ,-9.38   ,-11.90    ,-7.02    ,-6.95    ,-4.93    ,-7.31    ,-5.69    ,-5.19    ,-3.85    ,-4.66    ,-4.50    ,-3.22    ,-3.83    ,-5.38    ,-2.26    ,-1.49    ,-1.22    ,-8.31     ,0.43    ,-2.23     ,0.30    ,-2.26    ,-1.94    ,-0.88     ,0.98     ,2.69     ,0.80    ,-3.12     ,0.28    ,-4.27
200608     ,3.16     ,1.62     ,0.88     ,4.17     ,1.35     ,2.45     ,2.81     ,2.29     ,2.52     ,2.24     ,0.70     ,3.37    ,-0.19    ,-0.07     ,0.80    ,-1.66     ,4.44     ,0.79     ,0.41     ,2.14     ,1.58     ,3.45     ,1.55     ,3.70     ,3.70    ,-0.49    ,-1.58     ,3.26     ,1.43     ,0.98    ,-1.23     ,4.92
200609    ,-4.24    ,-3.70    ,-2.79    ,-3.50    ,-2.60    ,-2.77    ,-1.27    ,-3.31    ,-2.10    ,-2.14    ,-1.49    ,-1.77    ,-2.40    ,-2.27    ,-3.59    ,-1.17    ,-3.34    ,-2.33    ,-0.20    ,-0.04    ,-0.77    ,-0.96    ,-0.87    ,-0.55     ,0.35    ,-2.80    ,-1.47    ,-1.61    ,-1.42    ,-2.48    ,-2.49    ,-1.86
200610    ,-0.81     ,0.78    ,-1.27    ,-0.58     ,1.06    ,-0.67    ,-0.95    ,-1.70    ,-1.17    ,-0.30    ,-0.23     ,0.85    ,-1.39    ,-1.60    ,-1.34    ,-1.36     ,1.59     ,2.64     ,2.79     ,1.35     ,2.64     ,1.60     ,2.50     ,4.55    ,-0.46     ,0.31     ,0.46     ,3.56     ,2.07    ,-1.77     ,1.13     ,0.41
200611    ,-4.28    ,-1.83    ,-5.47    ,-3.53    ,-1.25    ,-1.69     ,1.33    ,-3.25    ,-2.79     ,0.51     ,0.23    ,-1.07    ,-2.07    ,-1.88    ,-0.53    ,-0.10    ,-0.78    ,-3.40    ,-0.17    ,-1.34     ,2.28     ,0.52     ,1.01     ,0.36     ,1.26     ,0.13    ,-1.84     ,2.02     ,2.28    ,-0.64    ,-1.58    ,-0.11
200612     ,1.86    ,-1.11    ,-0.19    ,-2.53     ,0.32     ,0.68     ,1.43    ,-0.01     ,0.41     ,0.21     ,0.38     ,0.12    ,-0.30    ,-0.22     ,0.93     ,3.59     ,0.75    ,-0.29     ,3.30    ,-0.69     ,1.91     ,2.00     ,4.99     ,6.54    ,-0.21    ,-0.92     ,4.16     ,4.83     ,0.84    ,-0.01     ,1.00     ,1.07
200701     ,1.63     ,1.86     ,1.95     ,1.38     ,2.31     ,1.87    ,-0.39     ,1.61     ,1.81     ,1.03     ,1.08     ,1.88     ,2.42     ,0.91     ,1.14    ,-0.17    ,-0.78     ,3.36    ,-1.66     ,0.91     ,0.90     ,1.28    ,-0.19    ,-1.17     ,1.84    ,-1.10     ,1.90     ,2.76     ,1.80     ,4.03     ,1.55     ,0.79
200702     ,4.93     ,3.19     ,1.72    ,-1.42     ,3.38     ,4.64     ,3.84     ,2.86     ,2.87     ,3.67     ,4.40     ,3.58     ,4.31     ,3.74     ,4.42     ,4.04     ,2.04     ,2.73     ,1.20     ,2.77     ,9.12     ,4.37     ,4.76     ,4.79     ,2.86     ,3.39     ,3.75    ,-0.79     ,5.45     ,3.52     ,5.27     ,5.21
200703    ,-2.47    ,-2.76    ,-2.01    ,-3.43    ,-0.60    ,-0.95     ,0.35    ,-0.74    ,-0.62     ,0.18     ,0.53     ,0.37     ,1.12     ,0.97    ,-0.77     ,2.26    ,-1.48    ,-1.58    ,-2.63    ,-3.25     ,0.90     ,1.47    ,-1.06    ,-3.66    ,-1.93    ,-4.36    ,-0.10    ,-0.90    ,-0.20     ,2.48    ,-0.23    ,-1.44
200704    ,-4.87    ,-3.92    ,-7.11    ,-6.38    ,-3.11    ,-3.89    ,-0.33    ,-2.96    ,-2.84    ,-1.65    ,-0.81    ,-2.98    ,-1.95    ,-2.17    ,-1.99    ,-2.58    ,-2.71    ,-4.08     ,1.56    ,-3.35    ,-3.26    ,-0.46    ,-1.65    ,-2.84    ,-2.34    ,-3.75     ,0.84    ,-1.70    ,-2.54    ,-2.12     ,1.27    ,-1.29
200705    ,-1.10    ,-2.94    ,-4.50    ,-3.79    ,-3.61    ,-3.91    ,-2.41     ,1.45    ,-1.31    ,-3.26    ,-1.39    ,-0.74    ,-1.37    ,-3.19    ,-2.66    ,-2.54     ,3.04     ,6.27     ,0.02    ,-0.46     ,0.28    ,-1.59     ,2.17     ,0.60     ,0.03     ,3.44     ,1.98     ,3.66    ,-4.88    ,-0.44     ,0.86     ,0.11
200706     ,2.01     ,0.57     ,2.81     ,2.87     ,3.25     ,1.44     ,4.26     ,1.08     ,2.63     ,1.03     ,2.77     ,3.31     ,3.54     ,2.02     ,1.94     ,1.03    ,-0.12    ,-4.81     ,4.15    ,-1.19    ,-1.49     ,1.13     ,1.60     ,1.75    ,-1.19    ,-1.90    ,-1.97     ,2.34    ,-2.23    ,-1.33     ,1.60     ,1.19
200707     ,1.68     ,0.20     ,0.58    ,-1.93     ,3.01     ,0.22     ,0.83     ,0.22     ,1.45     ,1.51     ,2.08     ,1.13     ,0.20     ,1.16     ,1.49     ,3.30    ,-1.38     ,6.26    ,-0.08     ,0.64    ,-1.47    ,-1.95     ,1.21    ,-0.47    ,-5.75    ,-2.25     ,4.27     ,2.33    ,-1.78     ,0.71     ,0.13    ,-3.23
200708    ,-7.81    ,-5.94    ,-4.95    ,-9.12    ,-4.52    ,-3.87    ,-5.11    ,-8.43    ,-4.29    ,-3.83    ,-4.60    ,-7.07    ,-5.46    ,-4.54    ,-5.38    ,-5.26     ,1.94    ,-4.99    ,-1.22     ,0.01     ,0.34    ,-3.09    ,-5.45    ,-6.27     ,0.02    ,-1.20    ,-5.42    ,-7.14    ,-0.28    ,-5.18    ,-3.72    ,-4.22
200709    ,-0.11    ,-2.13    ,-1.87    ,-1.26    ,-1.05    ,-1.42     ,1.49    ,-1.08    ,-0.91     ,0.05     ,0.44    ,-2.59    ,-1.30     ,0.20    ,-0.90    ,-4.15     ,1.41     ,0.80     ,2.18     ,3.21     ,1.27     ,1.46     ,2.58     ,2.23     ,0.26     ,1.15     ,6.34     ,3.51     ,0.58     ,0.77    ,-1.31     ,5.01
200710    ,-0.32     ,2.73     ,4.34    ,11.73     ,1.59     ,0.78    ,-1.63     ,4.21     ,1.01    ,-1.03    ,-0.81     ,1.99    ,-2.66    ,-1.69    ,-2.48     ,0.06     ,2.66     ,6.08    ,-4.01     ,0.49    ,-2.67    ,-1.10     ,2.58     ,1.29    ,-0.55    ,-1.94    ,-1.32    ,-0.24     ,1.06    ,-0.56    ,-0.07    ,-2.86
200711    ,-1.10    ,-0.66    ,-2.45    ,-6.15    ,-1.39    ,-2.37    ,-4.24    ,-5.77    ,-1.43    ,-1.72    ,-2.58    ,-1.64    ,-2.41    ,-2.96    ,-4.10    ,-4.66    ,-1.13    ,-3.37    ,-2.86    ,-0.56    ,-1.79     ,0.59    ,-5.54    ,-1.81     ,6.30    ,-1.63    ,-3.54    ,-6.77    ,-2.58    ,-1.29    ,-5.45    ,-5.08
200712    ,-6.67    ,-7.06    ,-6.07    ,-6.58    ,-5.18    ,-3.56    ,-4.95    ,-6.59    ,-5.71    ,-4.06    ,-3.75    ,-4.31    ,-4.24    ,-3.91    ,-2.37    ,-5.59    ,-4.78    ,-5.47    ,-5.24    ,-5.06    ,-3.42    ,-3.08    ,-2.51    ,-3.19    ,-3.89    ,-4.02    ,-2.74    ,-5.54     ,0.32    ,-3.21    ,-2.84    ,-4.53
200801    ,-4.68    ,-1.65    ,-6.95    ,-8.03    ,-1.11    ,-2.70    ,-5.51    ,-6.96    ,-2.17    ,-2.17    ,-3.73    ,-4.96    ,-2.84    ,-1.57    ,-4.58    ,-4.16    ,-6.15    ,-7.03    ,-8.81    ,-7.49    ,-5.88    ,-4.99    ,-6.08    ,-2.71     ,1.73    ,-3.79    ,-6.06    ,-4.53    ,-3.08    ,-1.41     ,0.25    ,-0.12
200802     ,1.96     ,4.73     ,2.97     ,4.18     ,3.68     ,1.75     ,1.60     ,2.36     ,2.02     ,0.89     ,2.14     ,4.02     ,2.03     ,1.56     ,4.07     ,5.36    ,-0.94    ,-0.01     ,1.18     ,1.02     ,1.34     ,2.44    ,-1.93     ,0.07    ,-0.22     ,0.12     ,5.37     ,5.14    ,-1.95     ,1.43    ,-0.32     ,2.45
200803    ,-0.04     ,0.53    ,-0.24    ,-2.26     ,1.98     ,2.42    ,-0.17    ,-5.70     ,0.50     ,1.19    ,-0.25    ,-3.09     ,1.58     ,0.51    ,-0.80    ,-1.76    ,-1.50    ,-3.75    ,-2.36    ,-4.79    ,-1.30    ,-5.18    ,-4.97    ,-7.94     ,2.22    ,-0.60    ,-6.72    ,-3.67    ,-1.85    ,-4.12    ,-3.09    ,-4.43
200804     ,2.92    ,-2.46     ,1.11    ,-0.61     ,0.74    ,-1.05     ,1.38     ,3.16     ,1.19    ,-0.38    ,-0.07     ,1.59     ,1.03    ,-0.31     ,0.06    ,-0.67     ,3.64    ,14.31     ,9.77     ,5.07     ,7.14     ,9.45     ,6.55     ,7.84     ,0.18     ,4.48     ,8.56     ,7.00     ,3.87     ,6.31    ,10.18     ,6.71
200805     ,2.41     ,5.94     ,2.15     ,2.84     ,3.27     ,4.13     ,4.41     ,1.65     ,3.42     ,4.72     ,3.50     ,2.51     ,5.34     ,4.47     ,4.46     ,4.27     ,2.63    ,-0.48     ,4.29     ,1.40     ,1.40     ,4.51     ,3.73     ,0.68    ,-2.80     ,3.76     ,3.37     ,1.80     ,4.68     ,2.30     ,1.26     ,1.94
200806    ,-2.64    ,-2.93    ,-6.22    ,-8.43    ,-0.76    ,-3.91    ,-4.94    ,-7.77    ,-4.03    ,-3.09    ,-2.16    ,-5.29    ,-3.34    ,-1.76    ,-0.91    ,-2.97    ,-6.72    ,-6.64    ,-7.22    ,-9.83    ,-5.99    ,-8.47    ,-4.95    ,-8.34    ,-1.04    ,-4.11    ,-7.52    ,-9.05    ,-3.28    ,-5.32    ,-8.92    ,-5.48
200807    ,-1.30    ,-1.72    ,-3.01    ,-7.98    ,-1.67    ,-2.22    ,-3.81    ,-8.01    ,-1.00    ,-1.77    ,-2.58    ,-6.10    ,-3.38    ,-2.72    ,-3.90    ,-5.74    ,-3.79    ,-0.69    ,-2.32    ,-5.37     ,3.32    ,-0.97    ,-7.29    ,-7.54     ,2.16    ,-2.34    ,-3.79    ,-1.73    ,-0.86    ,-1.14    ,-4.57    ,-2.18
200808    ,-5.23    ,-3.51    ,-6.15    ,-9.02    ,-4.03    ,-5.89    ,-6.54    ,-9.82    ,-3.77    ,-3.63    ,-5.28   ,-10.50    ,-8.81    ,-6.41    ,-6.19   ,-11.58    ,-1.45    ,-2.52    ,-1.69    ,-6.47    ,-6.31    ,-3.66    ,-5.66    ,-1.95    ,-4.69    ,-2.94    ,-0.89    ,-3.38    ,-5.62    ,-3.61    ,-3.53    ,-8.07
200809    ,-7.46    ,-8.97    ,-8.79   ,-11.57    ,-6.96    ,-9.47    ,-9.31   ,-10.75    ,-6.38    ,-6.83    ,-6.76    ,-9.53    ,-7.32    ,-6.09    ,-5.05    ,-7.65   ,-11.36    ,-9.44   ,-15.59   ,-15.32    ,-5.80   ,-10.88   ,-18.08   ,-11.24    ,-4.56    ,-6.72    ,-9.10   ,-12.14    ,-8.41    ,-5.45   ,-10.73    ,-3.21
200810   ,-10.89    ,-6.73   ,-10.67   ,-16.60    ,-8.77    ,-3.16    ,-8.56   ,-13.56    ,-2.68    ,-1.41    ,-6.74   ,-13.78    ,-5.74    ,-4.23    ,-5.75   ,-11.45    ,-8.99    ,-7.83   ,-13.03   ,-17.11   ,-15.45   ,-17.08   ,-18.36   ,-13.59    ,-9.16    ,-9.42   ,-20.39   ,-17.66   ,-12.03   ,-11.73   ,-11.92   ,-13.74
200811     ,5.85     ,5.38     ,4.76     ,4.56     ,4.81     ,3.89     ,5.39     ,2.48     ,6.25     ,3.17     ,4.00    ,-1.94     ,1.86     ,2.74     ,2.10     ,2.04     ,1.70     ,1.88    ,-0.21     ,0.56    ,-1.21     ,0.51    ,-9.75    ,-7.54     ,2.32     ,6.08     ,5.55    ,-5.08     ,4.79     ,4.32     ,4.45   ,-12.63
200812    ,12.63     ,9.30     ,6.62     ,9.34     ,9.86     ,7.27     ,9.38     ,9.68     ,9.61    ,10.58     ,9.03    ,11.25     ,8.12    ,10.72     ,8.56    ,10.26     ,7.94     ,5.03     ,3.81    ,11.93    ,11.19     ,7.48     ,5.39     ,5.42    ,12.70     ,8.11     ,3.07     ,3.54    ,10.04    ,12.15    ,11.20    ,16.84
200901    ,-1.55    ,-6.48    ,-3.18    ,-2.49    ,-5.04    ,-4.74    ,-6.61    ,-4.47    ,-2.19    ,-3.92    ,-4.21    ,-2.05    ,-3.11    ,-0.61    ,-3.99    ,-4.04    ,-8.19   ,-12.79    ,-9.24    ,-8.27    ,-6.44    ,-9.18    ,-4.68    ,-3.28    ,-5.50    ,-6.95    ,-7.77    ,-1.51    ,-6.73    ,-8.07    ,-5.83    ,-5.71
200902   ,-14.06   ,-14.17   ,-11.75   ,-15.15   ,-11.63   ,-12.03   ,-14.59   ,-14.63   ,-11.97   ,-10.57   ,-12.74   ,-15.91   ,-11.69   ,-13.01   ,-12.46   ,-14.87   ,-11.31   ,-15.71   ,-13.24   ,-10.01   ,-13.57   ,-18.79    ,-9.19    ,-4.54   ,-13.53   ,-14.98   ,-12.93   ,-10.07   ,-13.66   ,-13.95   ,-10.86   ,-14.78
200903    ,-1.05     ,1.00     ,1.02     ,3.77     ,1.28     ,1.86     ,4.44     ,3.42     ,1.88     ,0.75     ,1.63     ,4.33     ,5.18     ,2.25     ,3.46     ,7.48     ,2.71    ,-0.81     ,5.09     ,2.79    ,-4.43     ,4.50     ,6.26     ,0.10    ,-4.86     ,2.07     ,8.18     ,2.76     ,2.22     ,4.85     ,1.63     ,5.93
200904     ,7.25     ,4.60     ,4.83     ,5.46     ,1.59     ,1.00     ,4.65     ,7.11     ,1.13     ,0.13     ,1.17     ,9.19     ,4.15     ,4.94     ,1.34     ,2.78     ,4.29     ,5.32     ,8.16     ,7.02     ,6.95     ,8.13    ,19.17    ,16.57     ,2.21     ,6.64    ,11.92    ,15.36     ,3.42     ,4.89     ,7.85     ,9.85
200905    ,10.04     ,7.89    ,13.21    ,19.02    ,10.38     ,9.87    ,14.61    ,13.21     ,9.00     ,9.43    ,12.71    ,17.40    ,12.67    ,10.00    ,11.45    ,18.50    ,10.13    ,13.34    ,12.48    ,12.69     ,7.38    ,13.95    ,13.98     ,7.97     ,9.17     ,9.26     ,9.06     ,9.56     ,8.95     ,8.57    ,14.47    ,14.12
200906     ,6.48     ,4.24     ,6.17     ,9.51     ,7.71     ,5.49     ,8.28     ,8.41     ,4.87     ,7.07     ,8.84     ,7.12     ,9.24     ,5.48     ,8.67    ,14.25     ,3.73     ,2.88     ,5.28     ,3.03     ,0.75     ,4.36     ,2.14    ,-2.38     ,0.89     ,6.86     ,4.70     ,1.88     ,4.71     ,3.99     ,2.74    ,-1.35
200907     ,0.73     ,1.81     ,4.51     ,4.49     ,0.12     ,2.95     ,3.23     ,5.12     ,0.35     ,3.18     ,2.52     ,0.39    ,-1.23     ,2.11     ,5.09     ,1.14     ,5.58     ,1.17     ,1.43     ,2.13     ,3.85     ,6.12     ,3.83     ,5.94     ,5.82     ,8.20     ,3.85     ,4.61     ,5.25     ,5.11     ,4.88     ,3.64
200908     ,3.24     ,5.67     ,5.32     ,6.76     ,5.60     ,6.64     ,4.62     ,6.44     ,4.82     ,5.82     ,6.49     ,7.10     ,5.63     ,7.01     ,7.84    ,16.33     ,3.16     ,6.62     ,4.20     ,2.58     ,5.35     ,2.54     ,5.13     ,0.85     ,2.02     ,2.30     ,2.89     ,3.71     ,1.18     ,1.90     ,3.77     ,1.12
200909     ,0.26     ,2.34     ,2.76     ,3.12    ,-2.20    ,-0.60     ,1.82     ,0.91    ,-1.49    ,-1.15    ,-0.84     ,1.99    ,-5.35    ,-1.20    ,-1.09    ,-4.20     ,2.23     ,4.37     ,3.33     ,1.63    ,-0.52     ,0.70     ,1.31    ,-1.05    ,-6.02    ,-3.50    ,-5.92    ,-6.43    ,-2.29    ,-2.00    ,-3.63    ,-1.87
200910    ,-2.19    ,-1.69    ,-2.13    ,-2.44    ,-4.01    ,-2.90    ,-3.18    ,-1.85    ,-2.89    ,-4.29    ,-3.00    ,-5.31    ,-2.46    ,-5.06    ,-1.70     ,2.50    ,-3.22    ,-7.34    ,-5.48    ,-1.95    ,-4.75    ,-1.40    ,-5.47     ,0.88    ,-0.81     ,0.28     ,0.40     ,1.38     ,0.02    ,-2.42    ,-1.73     ,1.60
200911    ,-4.19    ,-4.30    ,-2.33    ,-6.53    ,-3.08    ,-4.44    ,-2.76    ,-5.15    ,-6.33    ,-8.18    ,-5.94    ,-6.96    ,-8.96    ,-8.89    ,-7.54   ,-10.29    ,-0.31     ,4.51     ,2.37     ,0.33    ,-3.97    ,-0.53    ,-1.73    ,-2.63    ,-4.00    ,-2.22    ,-0.33    ,-2.88    ,-4.74    ,-5.67    ,-6.88    ,-8.04
200912    ,-3.12    ,-4.30    ,-4.85    ,-2.67    ,-1.47    ,-1.73    ,-1.87    ,-2.91     ,0.44    ,-0.29    ,-1.12    ,-0.44     ,0.66     ,2.61     ,2.37     ,2.43     ,1.21    ,-6.40    ,-5.85     ,1.36     ,1.88    ,-0.58    ,-2.19     ,0.79     ,3.86     ,4.11    ,-2.69     ,0.72     ,9.34     ,4.38     ,7.69     ,4.33
201001     ,1.26     ,1.94     ,1.90     ,2.98     ,2.99     ,2.51     ,2.44     ,3.63     ,1.78     ,4.95     ,3.45     ,0.82     ,6.36     ,4.09     ,4.65     ,1.39     ,0.49     ,3.55     ,3.04     ,4.13    ,-0.19    ,-0.25     ,2.78     ,0.34     ,4.79    ,-2.49     ,2.74     ,2.92     ,1.19     ,2.86     ,1.85     ,9.51
201002     ,0.84     ,1.88     ,2.47     ,0.63     ,2.34     ,0.66     ,1.40     ,0.79     ,2.90     ,0.70     ,1.50     ,1.77     ,0.44     ,1.58     ,1.98     ,1.15     ,2.63     ,2.08     ,2.70     ,0.84     ,1.09     ,0.83     ,2.55     ,0.50    ,-2.79    ,-0.60     ,0.36     ,0.57    ,-1.79    ,-0.76    ,-1.41     ,0.75
201003     ,1.52     ,0.44     ,0.66     ,2.76     ,3.45     ,4.58     ,3.59     ,5.76     ,9.34     ,7.06     ,6.70     ,7.81     ,8.77    ,10.05    ,10.18    ,11.92     ,2.91     ,0.05     ,1.13     ,4.71     ,1.90     ,3.02     ,3.51     ,5.01     ,7.11     ,7.80     ,4.72     ,7.05     ,7.57     ,9.27     ,8.53     ,9.52
201004     ,5.29     ,5.07     ,2.50     ,5.41     ,4.41     ,3.32     ,2.64     ,5.88     ,5.25     ,4.98     ,2.77    ,10.15    ,10.23     ,9.40     ,5.49    ,10.14    ,-0.20    ,-0.53    ,-0.24     ,0.86     ,0.27    ,-0.75    ,-1.29    ,-0.99     ,0.97    ,-1.17     ,0.47    ,-1.60     ,4.27     ,2.51     ,2.93    ,-2.32
201005    ,-5.02    ,-5.20    ,-4.78    ,-6.62    ,-7.02    ,-6.47    ,-4.82    ,-6.46    ,-8.05    ,-7.94    ,-8.43   ,-10.16    ,-9.74   ,-10.51    ,-7.72   ,-12.12    ,-7.81    ,-4.14    ,-4.84    ,-7.91    ,-6.79    ,-5.00    ,-6.79    ,-8.69   ,-11.07    ,-8.82    ,-8.73    ,-9.65   ,-12.66    ,-9.48    ,-9.15   ,-12.46
201006    ,-0.15     ,0.72     ,1.78    ,-0.06     ,1.19     ,2.59     ,2.63     ,1.72     ,0.02     ,0.46     ,1.00     ,1.27    ,-3.68    ,-2.00    ,-0.94    ,-3.92     ,0.92     ,4.17     ,3.88     ,2.20     ,0.12     ,1.20    ,-0.48    ,-3.94    ,-3.74    ,-3.58    ,-3.24    ,-3.96    ,-3.65    ,-1.91    ,-1.66    ,-7.35
201007     ,0.41     ,1.55     ,1.29     ,2.33     ,2.24     ,2.78     ,1.05     ,2.07     ,1.75     ,1.76     ,0.07     ,1.51     ,1.27    ,-0.11     ,0.97     ,1.42     ,3.88     ,5.55     ,5.02     ,1.44     ,2.83     ,5.22     ,0.92     ,2.45     ,3.25     ,4.67     ,2.14     ,5.55     ,4.33     ,1.99     ,1.05    ,-0.60
201008    ,-8.07    ,-5.16    ,-1.26    ,-2.29    ,-4.83    ,-3.73    ,-0.04    ,-0.57    ,-5.59    ,-4.70    ,-1.22    ,-2.03    ,-7.49    ,-4.97    ,-2.58    ,-4.31    ,-5.77    ,-4.56    ,-3.10    ,-1.68    ,-3.67    ,-1.42     ,0.06     ,2.03    ,-4.37    ,-3.35    ,-0.29    ,-3.10    ,-6.41    ,-4.25     ,0.21    ,-2.55
201009     ,5.32     ,5.29     ,4.23     ,3.18     ,5.49     ,5.47     ,3.00     ,2.95     ,5.00     ,4.57     ,3.03     ,2.50     ,2.05     ,3.59     ,3.90     ,4.43     ,7.30     ,9.75     ,3.83     ,3.79     ,9.01     ,7.92    ,-0.69     ,0.95     ,8.79     ,4.05     ,2.71     ,0.54     ,7.89     ,4.73     ,2.59     ,1.20
201010    ,-0.30    ,-2.01    ,-2.19    ,-0.54    ,-2.68    ,-2.04    ,-3.60    ,-1.75    ,-3.39    ,-2.45    ,-3.66    ,-1.94    ,-3.36    ,-3.58    ,-2.81    ,-2.04     ,0.45     ,2.06    ,-0.93     ,1.50     ,2.57     ,1.72     ,0.45     ,3.03     ,3.41     ,3.05     ,1.04     ,2.08    ,-0.50     ,3.49     ,1.59     ,0.38
201011     ,5.61     ,3.52     ,0.58     ,0.92     ,6.81     ,2.72     ,1.28     ,0.17     ,6.07     ,3.43     ,1.46     ,3.15     ,6.87     ,7.22     ,1.57     ,2.42     ,3.55     ,2.91     ,2.29     ,0.98     ,4.02     ,1.33     ,1.08    ,-1.35     ,5.21     ,3.44    ,-1.44     ,0.46     ,3.98     ,2.28     ,1.00     ,0.75
201012    ,10.98    ,10.29    ,10.17     ,8.76    ,13.27    ,10.73     ,9.52     ,9.39    ,12.61    ,12.68    ,10.33     ,9.59    ,14.30    ,10.64    ,10.55    ,10.02     ,6.78     ,5.53     ,8.84     ,7.66     ,5.22     ,7.93     ,7.28     ,5.26     ,9.54     ,7.28     ,7.28    ,11.92    ,11.09     ,8.42     ,4.29     ,9.48
201101     ,0.23     ,2.82     ,1.33     ,1.16     ,1.60     ,1.98     ,1.35     ,1.32     ,4.50     ,4.61     ,2.23     ,2.14     ,5.38     ,4.09     ,5.53     ,5.46     ,0.37     ,1.19    ,-4.25    ,-1.62     ,3.18     ,2.60     ,0.83     ,0.02     ,1.09    ,-1.33     ,0.00    ,-2.93     ,1.66    ,-0.39     ,1.08    ,-0.23
201102     ,5.68     ,4.11     ,2.53     ,4.66     ,5.67     ,3.75     ,4.50     ,3.49     ,5.15     ,4.63     ,4.85     ,5.70     ,9.40     ,6.20     ,4.46     ,6.24     ,2.33     ,4.95     ,2.46     ,4.51     ,6.26     ,3.87     ,4.84     ,5.99     ,5.67     ,4.56     ,4.46     ,5.89     ,3.33     ,4.02     ,5.50     ,5.51
201103    ,-9.40    ,-7.10    ,-8.32    ,-7.99    ,-9.01    ,-2.88    ,-4.88    ,-4.63    ,-6.91    ,-4.84    ,-4.64    ,-4.76    ,-9.52    ,-1.45     ,3.82    ,-0.55    ,-6.91    ,-4.34    ,-7.36    ,-8.66    ,-9.38    ,-9.01   ,-14.16    ,-7.55   ,-10.58    ,-9.35    ,-6.19   ,-13.71   ,-10.41    ,-8.57    ,-8.23    ,-7.66
201104     ,1.78     ,1.18    ,-0.58     ,1.79    ,-1.87    ,-0.94    ,-0.93    ,-0.50    ,-2.26    ,-1.23    ,-2.44     ,0.04    ,-1.62    ,-1.45    ,-2.44    ,-3.58     ,1.54     ,2.84    ,-0.37     ,3.03     ,0.72     ,2.64    ,-1.07     ,2.52     ,1.87    ,-2.27    ,-1.19     ,0.45    ,-0.46    ,-0.46     ,0.49     ,0.14
201105    ,-2.75    ,-1.36    ,-3.38    ,-0.76    ,-1.03     ,0.89    ,-1.18    ,-1.29    ,-1.81    ,-2.97    ,-3.56    ,-0.91    ,-3.01    ,-3.42    ,-5.38    ,-3.96    ,-3.25    ,-3.14    ,-0.08     ,1.24     ,0.25    ,-2.03    ,-1.80    ,-0.56     ,0.43    ,-1.35    ,-5.63    ,-3.79    ,-2.41    ,-1.49    ,-1.03    ,-2.86
201106     ,2.33     ,4.14     ,4.92     ,2.66     ,5.25     ,4.20     ,3.45     ,3.44     ,7.73     ,6.23     ,4.58     ,5.14     ,6.41     ,5.11     ,5.29     ,4.91     ,2.39     ,2.12    ,-2.01     ,3.90     ,1.46     ,1.56     ,1.99     ,0.72     ,3.19     ,1.29     ,5.74     ,5.32     ,3.90     ,3.20     ,3.91     ,3.29
201107     ,3.20     ,2.77     ,5.45     ,5.16     ,2.23     ,4.14     ,5.01     ,5.58     ,2.74     ,5.96     ,4.87     ,4.44     ,4.62     ,3.62     ,3.96     ,4.60     ,4.13     ,5.30     ,3.49     ,4.52     ,5.12     ,5.40     ,4.56     ,2.74     ,1.77     ,2.34     ,2.88     ,2.28     ,4.84     ,3.16     ,5.18     ,3.71
201108    ,-4.63    ,-3.20    ,-4.28    ,-3.65    ,-4.28    ,-3.26    ,-3.05    ,-2.30    ,-3.76    ,-3.25    ,-2.30    ,-3.84    ,-0.95    ,-1.40    ,-1.67    ,-5.69    ,-8.69    ,-9.78    ,-7.21    ,-2.89   ,-13.62    ,-8.15    ,-4.96   ,-10.74    ,-6.87    ,-4.66   ,-10.44    ,-9.44    ,-7.77    ,-3.69    ,-7.73    ,-7.46
201109    ,-4.40    ,-1.85    ,-1.95    ,-2.03    ,-2.55     ,0.64     ,0.24    ,-0.06    ,-1.85     ,0.97     ,2.01    ,-0.42    ,-2.72     ,0.79     ,2.14    ,-1.20    ,-5.62    ,-1.53    ,-0.44     ,0.26    ,-2.80    ,-0.27     ,0.96     ,1.40    ,-1.47     ,0.25    ,-0.27    ,-4.99     ,0.63     ,5.39     ,5.09     ,0.56
201110    ,-2.81    ,-2.53    ,-3.66    ,-1.21    ,-0.52    ,-4.28    ,-4.37    ,-4.92    ,-2.11    ,-3.95    ,-6.12    ,-3.77    ,-0.20    ,-3.24    ,-5.65    ,-3.86     ,4.41     ,4.38    ,-1.42    ,-1.91    ,-0.44    ,-0.23    ,-1.13    ,-4.00    ,-1.97    ,-5.17    ,-3.16     ,3.12    ,-0.57    ,-1.60    ,-5.57    ,-4.16
201111    ,-3.11    ,-1.11    ,-3.11    ,-3.40    ,-0.78    ,-1.48    ,-2.55    ,-2.77    ,-3.05    ,-0.36    ,-0.97    ,-2.84    ,-1.01     ,0.66     ,0.10     ,1.64    ,-3.27    ,-2.82    ,-4.03    ,-4.06    ,-2.96    ,-3.72    ,-4.60    ,-5.26    ,-2.55    ,-2.57    ,-4.98    ,-9.45    ,-5.39    ,-3.38    ,-2.19    ,-2.85
201112     ,2.34     ,2.23     ,2.85     ,1.54    ,-0.63     ,1.72     ,1.87     ,2.24     ,2.75     ,3.06     ,2.44     ,4.37     ,3.61     ,2.63     ,3.94     ,3.28    ,-0.75    ,-2.76     ,0.08     ,1.63     ,0.76     ,2.58     ,3.29     ,0.53    ,-0.37     ,2.50     ,3.26    ,-2.48     ,2.52     ,3.13     ,1.81     ,1.93
201201     ,5.00     ,6.59     ,9.18     ,2.89     ,6.56     ,5.88     ,5.66     ,5.63    ,11.40     ,7.02     ,6.74     ,6.07    ,15.36     ,8.60     ,7.36     ,7.55     ,3.28     ,5.09     ,2.96     ,0.21     ,6.10     ,3.57     ,1.85     ,4.28     ,2.34     ,4.42     ,8.08     ,4.40     ,6.81     ,0.77     ,4.70     ,4.88
201202     ,3.07    ,-1.98    ,-2.74     ,1.63     ,0.50     ,1.62    ,-0.03     ,0.35     ,0.57     ,1.18     ,0.60     ,1.08     ,1.09     ,0.79     ,2.36     ,4.50     ,4.82     ,4.35     ,3.08     ,2.45     ,5.64     ,2.75     ,1.57     ,5.23     ,2.48     ,2.17     ,7.78     ,8.04     ,0.94    ,-2.22     ,5.69     ,3.88
201203     ,2.93     ,2.17     ,1.94     ,3.16     ,4.24     ,2.66     ,2.17     ,3.38     ,1.71     ,2.68     ,1.79     ,2.61     ,4.34     ,3.09     ,2.38    ,-0.86     ,2.12     ,1.76     ,1.77     ,1.89     ,1.13     ,1.40     ,1.86     ,1.23     ,0.11    ,-0.40     ,2.54    ,-0.27     ,1.65    ,-0.60     ,0.27     ,0.68
201204     ,0.75     ,0.97     ,3.19     ,3.38     ,0.64     ,0.78     ,0.24     ,3.26    ,-0.70     ,0.92     ,0.01    ,-0.13    ,-0.79    ,-0.12    ,-0.90    ,-1.23    ,-1.76    ,-0.84    ,-0.82     ,0.58    ,-3.89    ,-1.41     ,1.07    ,-0.69    ,-5.01    ,-2.94    ,-3.27    ,-6.14    ,-3.64    ,-2.59    ,-3.16    ,-4.38
201205   ,-10.39    ,-8.95    ,-7.07    ,-7.97   ,-11.33    ,-7.32    ,-7.83    ,-4.37    ,-5.90    ,-8.57    ,-7.53    ,-7.95   ,-10.94   ,-10.43    ,-8.71    ,-9.43    ,-6.80    ,-6.04    ,-8.60    ,-8.05   ,-10.76    ,-7.95    ,-7.39    ,-9.99   ,-10.54    ,-7.53    ,-7.53   ,-12.90   ,-10.67    ,-8.50    ,-8.85    ,-9.67
201206     ,6.35     ,3.17     ,4.58     ,4.12     ,8.26     ,2.23     ,3.26     ,1.20     ,4.83     ,4.59     ,4.20     ,4.87     ,6.96     ,4.82     ,4.36     ,4.00     ,3.02     ,5.70     ,3.65     ,4.46     ,4.79     ,2.81     ,4.62     ,3.52     ,5.27     ,3.64     ,5.47     ,6.48     ,6.09     ,7.34     ,7.06     ,6.82
201207    ,-3.42     ,1.53    ,-1.82    ,-0.47    ,-2.60    ,-1.19    ,-0.92    ,-0.96    ,-2.08    ,-2.60    ,-2.88    ,-3.00    ,-5.19    ,-1.32    ,-1.25    ,-2.60     ,2.50    ,-6.30     ,1.80     ,0.86    ,-2.50    ,-0.75     ,0.89    ,-0.08    ,-4.00    ,-3.55    ,-1.84    ,-1.40    ,-6.61    ,-4.12    ,-8.82    ,-2.72
201208     ,1.66    ,-0.72     ,0.33     ,0.25    ,-1.39     ,0.13    ,-1.51    ,-2.67    ,-1.70    ,-0.90    ,-0.44    ,-1.77    ,-2.90    ,-1.67    ,-1.43    ,-3.54    ,-0.58     ,0.27     ,1.91     ,0.77     ,1.41     ,0.64    ,-2.25     ,1.20     ,0.58     ,0.11    ,-3.94    ,-0.64    ,-3.60    ,-4.58    ,-1.59    ,-3.31
201209     ,0.06     ,3.00     ,1.39     ,4.41    ,-1.42     ,2.61     ,2.12     ,1.61     ,2.17     ,1.93     ,1.55     ,0.30     ,1.90     ,2.09     ,2.78     ,1.81     ,2.60    ,-0.04    ,-0.20     ,1.95     ,4.03     ,0.95     ,0.72     ,3.31     ,4.35     ,0.73     ,3.55     ,5.88     ,2.78     ,4.50     ,3.83     ,5.47
201210    ,-0.15     ,5.17    ,-1.78     ,2.04    ,-1.89    ,-1.99    ,-3.36    ,-3.32    ,-2.37    ,-3.59    ,-3.56    ,-3.78    ,-0.28    ,-1.75    ,-4.62    ,-1.91    ,-1.34    ,-1.84    ,-6.36    ,-2.85    ,-0.66    ,-1.76    ,-1.08    ,-2.43     ,0.34    ,-0.81    ,-2.71    ,-1.68    ,-0.35    ,-3.37    ,-2.32    ,-1.70
201211     ,0.87     ,2.23     ,0.35     ,0.77     ,2.76    ,-0.75     ,1.85     ,1.25     ,1.15     ,1.24     ,1.28     ,2.56     ,6.48    ,-0.61     ,1.90    ,-0.78     ,0.58     ,2.59     ,2.24     ,0.01    ,-0.64     ,0.80     ,3.19    ,-1.09     ,3.25     ,6.91     ,0.32     ,1.03     ,0.71     ,1.03     ,4.64     ,4.05
201212     ,0.21    ,-1.01     ,0.23    ,-1.92     ,3.13     ,1.62     ,0.95     ,4.51     ,6.72     ,4.08     ,5.10     ,4.52    ,13.51     ,3.63     ,3.83     ,7.56     ,0.80     ,3.26     ,0.04     ,1.45     ,0.25     ,2.24     ,2.13     ,0.46     ,7.06     ,6.57     ,0.51     ,1.56    ,13.68    ,10.75     ,7.67    ,15.47
201301     ,5.50     ,8.89     ,3.21    ,10.34     ,2.84     ,5.08     ,3.01     ,4.60     ,6.63     ,3.11     ,3.97     ,4.06     ,6.36     ,2.87     ,3.40     ,5.59     ,8.13    ,-0.13     ,0.84     ,0.91     ,0.27     ,5.49     ,3.55     ,3.95     ,2.81     ,3.26     ,2.69     ,3.67     ,4.73     ,6.66     ,3.12     ,5.55
201302    ,-0.42     ,2.57     ,3.30     ,8.53     ,3.34     ,2.90     ,1.77     ,2.37     ,2.25     ,2.93     ,1.88     ,3.81     ,3.12     ,0.24     ,2.47     ,2.56     ,2.76     ,0.80     ,3.11     ,0.85     ,3.95     ,3.63     ,2.27     ,6.71     ,1.13     ,5.78     ,2.28     ,0.12     ,5.41     ,0.49     ,5.15     ,1.24
201303     ,8.11    ,14.25     ,8.75    ,15.07     ,7.65     ,8.99     ,4.58    ,11.57     ,8.17     ,6.42     ,5.09     ,9.57     ,9.38     ,7.59     ,8.34    ,10.36     ,4.92     ,4.47    ,10.52     ,6.54     ,8.63     ,5.46     ,6.10     ,6.53     ,4.28     ,2.43     ,0.43     ,3.11     ,3.99     ,8.03     ,3.73     ,6.31
201304    ,11.18    ,16.01     ,6.21    ,26.40     ,9.58     ,9.15     ,3.77     ,6.18    ,10.07     ,4.90     ,4.18     ,6.05    ,14.22     ,6.05     ,4.68    ,11.34    ,12.26     ,5.82     ,7.23     ,6.85     ,5.37     ,6.50     ,9.59     ,6.92    ,11.75     ,9.50     ,6.98     ,5.43    ,11.61     ,9.77    ,10.09    ,20.78
201305   ,-10.21    ,-6.66    ,-5.54     ,1.26    ,-5.99    ,-9.42    ,-3.57    ,-5.82    ,-9.05    ,-5.63    ,-5.55    ,-6.38    ,-7.61    ,-8.94    ,-8.87   ,-10.21    ,-9.39    ,-3.68    ,-3.70    ,-4.56    ,-4.97    ,-6.89    ,-4.36    ,-4.26    ,-4.07    ,-0.06    ,-3.68    ,-4.09    ,-3.11    ,-7.60   ,-10.23    ,-8.52
201306    ,-6.89    ,-7.60    ,-3.69   ,-10.06    ,-5.09    ,-2.77    ,-0.13    ,-3.20    ,-0.88    ,-1.85    ,-1.81    ,-3.80    ,-8.45    ,-2.99    ,-2.97    ,-7.13     ,2.15    ,-1.47     ,5.02     ,0.44     ,1.67     ,3.27    ,-1.24     ,0.23     ,0.92     ,1.24     ,0.51    ,-2.84     ,0.89     ,3.76     ,4.83     ,2.73
201307     ,4.55     ,3.18     ,3.71     ,5.42     ,5.52     ,3.35     ,3.61     ,5.04     ,4.07     ,2.09     ,3.77     ,3.50     ,4.95     ,3.65     ,2.41     ,4.74    ,-1.28    ,-0.11     ,2.73     ,2.77     ,0.15     ,0.38     ,0.84     ,1.98     ,2.83    ,-1.22     ,1.32     ,1.83     ,1.03    ,-0.09     ,1.03     ,3.06
201308    ,-5.28     ,0.50     ,0.05    ,-4.82    ,-3.79    ,-2.65    ,-2.29    ,-0.01    ,-2.15    ,-1.58    ,-3.07     ,0.08    ,-2.24    ,-1.22    ,-2.26    ,-0.50    ,-3.87    ,-0.80    ,-3.27    ,-3.28    ,-3.14    ,-1.68    ,-5.09    ,-2.90    ,-2.01    ,-1.64    ,-1.97    ,-4.16    ,-1.11    ,-3.11    ,-3.73    ,-0.24
201309    ,16.99     ,8.39     ,7.67    ,12.79    ,10.93     ,7.79    ,11.09    ,10.35    ,12.79    ,12.02    ,11.17    ,12.05    ,12.57    ,10.70     ,8.43    ,12.20     ,9.07     ,9.28     ,9.18    ,10.91    ,10.36     ,6.38     ,6.49     ,8.19     ,8.97     ,7.37     ,7.91     ,9.05     ,7.92     ,9.51     ,8.91    ,10.02
201310    ,-2.08    ,-0.68    ,-0.31     ,0.06    ,-0.72     ,0.13     ,0.13     ,0.25    ,-1.80    ,-0.24    ,-0.17     ,1.22     ,2.72    ,-0.41    ,-0.62     ,1.81    ,-1.56    ,-0.53     ,4.40    ,-3.57     ,1.56     ,0.93     ,2.18     ,0.71    ,-0.04    ,-2.32    ,-0.10     ,0.82    ,-0.24    ,-3.93    ,-1.77    ,-1.24
201311     ,0.99    ,-4.01    ,-2.05    ,-2.28    ,-0.28    ,-2.36     ,0.43    ,-0.29     ,0.39    ,-2.08    ,-1.54    ,-1.39     ,1.61    ,-1.83     ,0.67    ,-0.10     ,0.73     ,0.13     ,3.03     ,2.06     ,1.46    ,-0.25     ,5.30     ,1.61     ,2.68     ,1.79     ,1.09     ,3.24     ,0.85    ,-0.34     ,0.56     ,0.64
201312     ,3.14     ,0.08     ,0.87     ,2.65     ,2.79     ,0.38    ,-0.33     ,0.41     ,0.06     ,1.13     ,0.83     ,0.51     ,4.96     ,0.44     ,0.41     ,1.61    ,-3.21    ,-0.12     ,2.40     ,1.96     ,0.52    ,-0.74     ,1.48     ,0.49     ,1.39     ,0.43     ,1.44     ,0.05     ,2.13    ,-0.02     ,1.57     ,2.74
201401     ,1.71     ,2.71     ,2.98     ,3.34     ,2.77     ,2.20     ,1.65     ,3.00     ,3.56     ,1.09     ,1.12     ,2.68     ,1.77     ,2.32     ,4.18     ,1.09    ,-1.56    ,-5.79    ,-5.31    ,-2.18    ,-3.17    ,-2.61    ,-2.17    ,-1.07    ,-3.68    ,-3.29    ,-2.58    ,-2.97    ,-1.33    ,-4.31    ,-5.86    ,-6.48
201402    ,-3.31    ,-5.18    ,-2.70    ,-4.79    ,-1.50    ,-1.30    ,-2.16    ,-1.94    ,-3.94    ,-1.27    ,-2.23    ,-1.35    ,-2.11    ,-1.97    ,-2.38    ,-2.28     ,2.79    ,-0.94     ,1.66    ,-1.51     ,0.39     ,0.14     ,0.55     ,0.37    ,-0.34    ,-1.69    ,-0.92    ,-1.49     ,0.24    ,-0.45    ,-2.45     ,0.01
201403    ,-2.91    ,-1.07     ,1.94    ,-1.02     ,0.71     ,0.66     ,1.75     ,0.49     ,0.08     ,1.21     ,0.83     ,0.17    ,-2.54     ,2.32     ,2.40     ,0.66     ,0.85     ,1.45    ,-2.24    ,-1.20    ,-2.49    ,-1.38    ,-2.05    ,-1.14    ,-3.52    ,-1.96    ,-2.32    ,-2.81    ,-0.50     ,0.38    ,-1.70    ,-0.63
201404    ,-2.39    ,-0.91    ,-0.83    ,-2.95    ,-3.00    ,-1.51    ,-1.76    ,-0.57    ,-3.72    ,-0.62    ,-1.89    ,-2.00    ,-5.58    ,-2.96    ,-1.43    ,-1.44    ,-2.71     ,0.26    ,-2.74    ,-4.25    ,-3.75    ,-2.61    ,-2.20    ,-1.22    ,-2.29    ,-0.48    ,-3.01    ,-2.36    ,-1.74    ,-3.19    ,-2.69    ,-1.66
201405     ,9.74     ,2.97     ,2.70     ,3.37     ,2.04     ,1.63     ,2.51     ,1.78     ,0.20     ,0.45     ,1.90     ,3.29     ,6.45     ,0.11     ,1.10     ,0.91     ,3.57     ,4.42     ,3.45     ,3.37     ,5.66     ,3.57     ,4.81     ,2.34     ,6.05     ,1.32     ,2.73     ,5.50     ,7.39     ,2.32     ,4.05     ,3.84
201406    ,11.95     ,7.42     ,8.29     ,9.91     ,4.67     ,7.50     ,7.26     ,8.64     ,6.76     ,7.60     ,7.15     ,8.34    ,10.34     ,7.25     ,7.79     ,7.43     ,5.51     ,4.46     ,3.95     ,4.21     ,8.03     ,5.21     ,5.02     ,4.91     ,6.92     ,6.20     ,5.53     ,7.19     ,5.28     ,5.36     ,7.84     ,6.40
201407     ,3.31     ,1.84     ,0.96     ,0.18    ,-0.78     ,1.97     ,1.23     ,0.22     ,2.88     ,2.71     ,0.28    ,-0.29     ,1.50     ,0.75     ,0.33     ,0.96     ,1.62     ,1.53     ,0.74     ,1.64    ,-0.01     ,1.51     ,0.81    ,-0.07     ,0.03     ,2.06    ,-0.84     ,0.20     ,3.30    ,-0.58    ,-1.55     ,1.17
201408     ,2.64     ,2.00     ,0.00    ,-1.04     ,0.78     ,0.98     ,0.46     ,0.31     ,1.37     ,2.83     ,0.11     ,0.20     ,0.59     ,0.46     ,1.42    ,-0.25    ,-2.40    ,-0.28    ,-3.22    ,-2.40    ,-2.37    ,-2.21    ,-2.07    ,-3.57    ,-2.52    ,-2.17    ,-1.09    ,-3.09    ,-0.51    ,-2.77    ,-1.86    ,-2.01
201409    ,-4.28    ,-0.64     ,0.16    ,-5.08    ,-2.48    ,-2.24    ,-1.39    ,-3.12    ,-2.69    ,-1.94    ,-1.19    ,-2.70    ,-1.87    ,-2.37    ,-1.39    ,-0.77    ,-0.08    ,-0.84     ,2.02    ,-0.80    ,-1.23    ,-2.59    ,-0.32     ,1.57    ,-1.26    ,-2.27    ,-1.01    ,-1.71    ,-3.48    ,-1.48    ,-3.27    ,-0.79
201410    ,-5.33    ,-6.88    ,-3.65    ,-6.67    ,-4.15    ,-3.95    ,-4.66    ,-3.79    ,-5.55    ,-5.38    ,-3.19    ,-2.82    ,-4.75    ,-3.78    ,-3.04    ,-5.39    ,-0.35     ,1.05    ,-0.14    ,-0.14    ,-1.53     ,0.31    ,-3.49    ,-3.34    ,-1.92    ,-2.45    ,-1.62    ,-4.06    ,-2.00    ,-1.67    ,-2.47    ,-5.41
201411     ,3.49    ,-1.40    ,-3.46    ,-0.32    ,-1.45    ,-1.96    ,-2.87    ,-1.21    ,-1.31    ,-2.82    ,-2.51    ,-1.78    ,-1.97    ,-1.55    ,-0.98     ,0.95     ,0.34    ,-1.54    ,-2.57    ,-0.22    ,-0.14     ,1.82     ,1.99     ,3.60    ,-1.53    ,-3.83    ,-0.35     ,3.38    ,-5.82     ,0.86     ,3.11    ,-1.66
201412    ,-0.99     ,1.05     ,0.52    ,-1.21     ,1.89     ,1.14     ,2.02     ,1.99     ,0.29    ,-0.26     ,3.92     ,2.09     ,1.16     ,1.18     ,1.23     ,3.78    ,-1.02    ,-4.31    ,-1.57    ,-2.40     ,0.85    ,-1.19    ,-0.43     ,1.50    ,-0.75    ,-1.77    ,-1.81    ,-1.50    ,-1.80     ,0.59    ,-1.68    ,-0.65
201501     ,2.45     ,3.92     ,3.00     ,2.69     ,4.17     ,3.56     ,3.70     ,2.02     ,0.60     ,1.56     ,2.22    ,-0.38     ,4.11     ,2.66     ,2.99     ,1.66     ,5.36     ,2.49     ,1.52     ,2.49     ,3.15     ,3.43     ,2.54     ,3.83     ,2.82     ,4.17     ,0.58     ,0.39     ,8.34     ,3.25     ,0.96     ,0.20
201502     ,1.12     ,0.57     ,2.73     ,1.91     ,0.66     ,1.80     ,2.41     ,1.18     ,3.81     ,2.27     ,0.54    ,-0.70     ,1.80     ,4.54     ,3.23     ,0.89     ,2.52     ,7.41     ,8.12     ,5.04     ,4.65     ,1.26     ,2.76     ,3.58     ,6.11     ,7.32     ,5.51    ,10.59     ,3.48     ,6.61    ,13.72     ,8.25
201503    ,-0.25     ,0.39     ,3.05     ,4.62    ,-2.46     ,1.72     ,2.32     ,4.31     ,0.69     ,1.24     ,1.19     ,2.11    ,-0.94     ,0.03     ,1.11     ,3.07     ,4.59     ,3.58     ,6.24     ,1.64     ,0.12     ,3.45     ,2.27     ,3.48    ,-0.89     ,0.88     ,1.99     ,0.08     ,1.40    ,-0.11    ,-2.64    ,-0.20
201504     ,4.98     ,3.11     ,2.88     ,1.17     ,2.36     ,2.21     ,3.14     ,2.91     ,4.59     ,2.53     ,3.27     ,2.42     ,3.07     ,2.77     ,4.10     ,4.19     ,2.69     ,0.84     ,1.12     ,1.70     ,0.38     ,3.75     ,3.13     ,1.84     ,3.75     ,5.55     ,6.24     ,2.58     ,7.56     ,5.76    ,10.53     ,6.47
201505     ,3.78    ,-2.93     ,0.52    ,-1.32    ,-0.41    ,-0.32    ,-0.18    ,-0.40    ,-2.74    ,-1.85    ,-0.85     ,0.07     ,1.59    ,-0.48     ,1.38     ,1.19     ,0.17    ,-0.01    ,-0.30     ,0.01    ,-0.45     ,0.28    ,-0.55     ,0.95     ,3.63     ,1.06     ,3.61     ,2.30     ,1.92     ,1.79     ,4.42     ,1.02
201506     ,2.93     ,5.15     ,1.63     ,6.31     ,0.74     ,2.33     ,1.70     ,1.70     ,0.20     ,0.65     ,2.09     ,2.41     ,2.33     ,2.19     ,2.47     ,1.51     ,0.93    ,-1.93    ,-0.73     ,0.10    ,-0.04    ,-0.68    ,-1.29    ,-2.99    ,-1.78     ,1.68    ,-0.02    ,-2.87     ,0.59    ,-0.89    ,-2.27    ,-4.32
201507    ,-0.68     ,0.97     ,1.09     ,3.38     ,1.42     ,0.39    ,-0.50    ,-0.75     ,1.09    ,-1.70    ,-0.84    ,-1.21    ,-0.56    ,-1.80    ,-0.90    ,-0.21     ,2.17     ,4.67    ,-0.59     ,1.06     ,3.96    ,-3.00     ,2.60    ,-0.98     ,5.66     ,2.62     ,0.00    ,-2.21     ,4.13    ,-0.06    ,-0.95     ,0.41
201508    ,-6.08    ,-1.22    ,-4.52    ,-7.63    ,-1.84    ,-0.88    ,-1.38    ,-2.23    ,-2.54    ,-1.39    ,-1.36    ,-1.64    ,-5.06    ,-3.80    ,-2.64    ,-3.83    ,-2.78    ,-3.84    ,-9.19    ,-5.16    ,-2.75    ,-3.85    ,-5.01    ,-8.83    ,-5.73    ,-3.62    ,-6.01    ,-6.24    ,-3.80    ,-6.34    ,-7.52    ,-4.81
201509    ,-4.24    ,-5.63    ,-4.66    ,-3.73    ,-3.63    ,-3.22    ,-3.77    ,-4.23    ,-3.60    ,-2.98    ,-3.11    ,-3.19    ,-2.46    ,-2.00    ,-3.36    ,-2.43    ,-5.65    ,-7.70    ,-4.75   ,-10.16    ,-6.63    ,-6.32    ,-3.43    ,-3.77    ,-5.44    ,-9.82    ,-5.50    ,-4.09    ,-5.80    ,-7.97    ,-7.75    ,-4.01
201510     ,1.94     ,2.60     ,4.03     ,2.25     ,5.80     ,7.48     ,5.76     ,8.17     ,5.82     ,4.09     ,6.24     ,7.14     ,4.56     ,3.41     ,5.26     ,4.30     ,6.37    ,10.77     ,6.77    ,12.95     ,9.24     ,7.68     ,7.09     ,9.47     ,8.27    ,11.95    ,11.58    ,11.24     ,7.42    ,11.24    ,10.22     ,7.70
201511     ,0.37     ,0.72     ,3.21     ,3.36     ,0.30     ,3.31     ,1.47     ,3.31     ,0.85     ,0.64     ,2.73    ,-1.28     ,0.83     ,0.91     ,1.84     ,3.01     ,0.08     ,3.92     ,3.16     ,1.61    ,-3.34    ,-0.21    ,-0.26     ,0.30    ,-2.86    ,-1.58    ,-0.78    ,-0.83    ,-2.49    ,-2.92    ,-2.22     ,0.73
201512    ,-0.23     ,4.11     ,1.95     ,1.96     ,0.85     ,3.73     ,0.99    ,-0.54     ,1.56     ,0.83     ,0.09     ,0.38    ,-0.24    ,-0.17    ,-0.63     ,0.64     ,1.83     ,0.41    ,-2.07     ,0.15    ,-1.37     ,1.27     ,0.70    ,-0.59    ,-0.22     ,3.89    ,-0.40     ,0.15     ,2.76     ,1.12    ,-1.18    ,-1.08
201601    ,-6.30    ,-5.21    ,-7.84    ,-7.22    ,-6.28    ,-6.91    ,-7.22    ,-8.09    ,-5.61    ,-6.73    ,-7.44    ,-7.88    ,-7.30    ,-7.59    ,-7.75    ,-6.79    ,-5.41    ,-4.51   ,-11.44    ,-8.23    ,-3.70    ,-9.46    ,-5.00    ,-6.28    ,-7.37    ,-4.10    ,-7.88   ,-10.15    ,-6.37   ,-10.08   ,-13.90   ,-11.03
201602    ,-0.49     ,2.66     ,2.12     ,2.02     ,3.73    ,-1.96     ,0.07    ,-2.11    ,-0.43     ,0.63    ,-2.51    ,-3.85    ,-1.94    ,-2.28    ,-0.87    ,-5.61     ,1.36    ,-0.38     ,1.10     ,1.67     ,0.28     ,0.16    ,-3.36    ,-8.63    ,-0.59     ,2.69    ,-1.17    ,-5.34    ,-4.33    ,-4.20    ,-8.87    ,-2.93
201603    ,10.19     ,6.43    ,11.57    ,13.02     ,6.98     ,8.02     ,6.97     ,8.26     ,6.33     ,4.94     ,7.58     ,6.85     ,5.21     ,4.97     ,5.49     ,6.84     ,2.46     ,7.64     ,7.28     ,4.50     ,3.83     ,6.90     ,4.68     ,4.63     ,4.66     ,2.09     ,6.85     ,4.42     ,2.21     ,3.99     ,7.22     ,7.32
201604     ,6.32     ,4.44     ,3.65     ,5.08     ,4.81     ,4.17     ,4.07     ,5.25     ,3.33     ,5.09     ,3.12     ,3.25     ,4.24     ,5.55     ,5.85     ,3.44     ,4.41     ,6.42     ,1.34     ,8.07     ,5.04     ,2.92     ,3.20     ,3.34     ,6.12     ,5.47     ,5.04     ,5.13     ,5.83     ,5.78     ,6.94     ,5.84
201605    ,-2.56    ,-2.34     ,1.02     ,1.13    ,-0.16    ,-0.81    ,-1.24     ,0.78    ,-0.93    ,-3.40     ,3.02    ,-1.86    ,-2.52    ,-1.83    ,-1.06     ,2.82    ,-2.41    ,-0.03    ,-0.31    ,-1.53    ,-0.13     ,0.61    ,-2.21    ,-1.93    ,-2.35     ,0.35     ,0.49     ,0.55    ,-2.07    ,-2.24    ,-0.31    ,-2.13
201606    ,-1.30     ,1.27     ,1.89     ,0.62    ,-0.02    ,-1.23    ,-3.18    ,-0.30    ,-0.69    ,-0.53    ,-0.86    ,-5.23    ,-0.76    ,-0.18     ,0.89    ,-2.33    ,-2.88     ,0.67    ,-0.36     ,0.31    ,-0.53    ,-2.40    ,-3.74    ,-4.60    ,-3.73     ,0.73    ,-2.86    ,-7.77    ,-0.59    ,-6.43    ,-8.94    ,-4.63
201607     ,0.79     ,3.68     ,2.78     ,0.52     ,7.99     ,6.74     ,9.28     ,8.56     ,6.91     ,7.55     ,9.48     ,8.68     ,5.51     ,9.63     ,8.59     ,7.10     ,2.28     ,1.55     ,2.38     ,5.72     ,3.32     ,9.61     ,6.00    ,12.19     ,5.16     ,9.93     ,8.24     ,9.30     ,7.08     ,6.91    ,11.82    ,11.32
201608     ,0.47    ,-3.73    ,-6.97    ,-4.75    ,-1.85    ,-2.65    ,-2.33    ,-2.98    ,-3.09    ,-3.16    ,-2.07    ,-2.13    ,-1.19    ,-1.43    ,-3.10    ,-0.10    ,-8.85    ,-5.76   ,-10.34    ,-1.67    ,-5.43    ,-2.11    ,-0.53     ,2.33    ,-3.80    ,-0.63     ,0.34     ,3.51     ,0.66     ,6.06     ,3.97     ,5.02
201609     ,5.11     ,5.77     ,6.20     ,9.14     ,6.05     ,6.89     ,6.39     ,6.69     ,6.13     ,5.73     ,5.09     ,4.86     ,4.84     ,4.05     ,4.33     ,5.37     ,6.96     ,6.52     ,5.61     ,2.52     ,4.34     ,5.44     ,2.78    ,-1.77     ,3.72     ,4.82     ,1.53     ,0.98     ,1.11     ,3.23    ,-1.80    ,-1.97
201610     ,0.26     ,0.96    ,-0.64     ,0.32     ,1.63     ,2.17     ,1.73     ,3.34     ,0.76     ,3.53     ,3.72     ,4.43     ,3.17     ,5.01     ,4.26     ,3.75    ,-0.62    ,-0.61     ,0.28     ,0.88     ,0.49    ,-0.04     ,0.07     ,2.81     ,0.00     ,1.82     ,5.03     ,3.46     ,3.06     ,2.26     ,4.06     ,4.92
201611    ,-5.86    ,-6.05    ,-5.17    ,-8.77    ,-4.47    ,-5.63    ,-4.13    ,-5.36    ,-4.31    ,-2.89    ,-3.00    ,-2.24    ,-2.79    ,-2.30    ,-2.09    ,-1.22    ,-4.38    ,-8.55    ,-8.53    ,-7.13    ,-4.97    ,-3.11    ,-5.04    ,-2.12    ,-6.20    ,-3.15    ,-3.78    ,-4.32    ,-0.95    ,-0.01     ,5.15     ,0.31
201612    ,-0.13     ,1.36     ,0.93     ,1.64     ,1.25     ,1.93     ,1.71     ,1.69     ,0.85     ,2.82     ,2.37     ,2.09     ,1.53     ,1.70     ,4.66     ,4.57     ,0.56     ,0.18    ,-0.22     ,2.08     ,0.52    ,-1.28     ,0.11    ,-0.19     ,2.70     ,1.98     ,2.80     ,4.25     ,0.91     ,1.99     ,2.13     ,2.94
201701     ,5.70     ,7.20     ,4.85     ,6.59     ,6.99     ,5.74     ,4.81     ,5.35     ,3.99     ,5.58     ,5.80     ,4.08     ,7.28     ,5.23     ,4.30     ,5.89     ,2.09     ,5.46     ,0.29     ,5.79     ,2.73     ,2.46     ,3.11     ,1.24     ,4.78     ,2.63     ,6.14     ,4.05     ,3.51     ,5.34     ,4.58     ,3.56
201702     ,5.47     ,3.93     ,3.55     ,2.58     ,4.15     ,2.59     ,2.10     ,4.37     ,3.07     ,3.83     ,3.79     ,3.47     ,3.99     ,5.19     ,3.75     ,6.23    ,-1.21     ,0.25     ,0.99     ,0.43     ,1.69     ,1.17     ,0.47     ,0.38    ,-0.20     ,1.27    ,-1.20     ,1.50     ,1.92     ,1.89     ,1.94     ,1.26
201703     ,3.37     ,1.62     ,4.29     ,3.75     ,1.06     ,1.40     ,1.40     ,1.65     ,1.34     ,0.97     ,2.04     ,2.45     ,1.58     ,0.58     ,1.08    ,-3.46     ,2.84     ,4.46    ,-0.37     ,1.79     ,1.22     ,3.06     ,0.90     ,0.30     ,2.44     ,1.59     ,1.37     ,0.81     ,0.30    ,-2.77    ,-1.81    ,-1.21
201704    ,-4.37     ,1.19    ,-0.65    ,-0.87    ,-0.40     ,0.08     ,0.50     ,1.38     ,2.35     ,0.10     ,0.99     ,1.02     ,0.28    ,-0.56    ,-0.18    ,-0.83     ,2.06     ,0.87     ,2.83     ,1.23     ,3.28     ,3.20     ,2.34     ,1.07     ,1.63     ,2.46     ,0.10     ,0.24    ,-0.10     ,1.14     ,0.86    ,-0.09
201705     ,5.93     ,4.50     ,8.85     ,9.23     ,5.74     ,5.04     ,4.02     ,4.34     ,4.57     ,3.09     ,3.00     ,5.09     ,3.93    ,-0.85     ,2.07    ,-0.07     ,7.62     ,5.35     ,4.69     ,5.72     ,3.21     ,9.19     ,3.60     ,1.68     ,5.10     ,0.91     ,2.22     ,0.95    ,-1.57    ,-2.56    ,-1.32    ,-0.81
201706     ,7.87     ,2.18     ,2.97     ,2.20     ,2.16     ,1.90     ,2.16     ,3.55     ,1.81     ,3.47     ,2.72     ,2.19     ,2.28     ,1.51     ,1.85     ,4.17     ,1.77    ,-1.13    ,-0.01    ,-0.22    ,-0.24     ,2.50     ,1.14    ,-0.05     ,0.76     ,2.57     ,1.15     ,2.64     ,2.73     ,4.48     ,3.78     ,2.00
201707     ,2.06     ,1.58     ,3.05     ,3.11     ,6.98     ,5.00     ,3.94     ,2.61     ,4.33     ,4.37     ,3.64     ,7.19     ,6.56     ,5.25     ,2.80     ,6.29     ,3.56     ,1.11     ,2.42     ,1.45     ,3.85     ,1.42     ,0.65     ,2.95     ,2.44     ,5.63     ,2.38     ,2.80     ,3.40     ,1.12    ,-1.96     ,0.80
201708    ,-2.02     ,2.09     ,3.16     ,1.85     ,0.26     ,2.60     ,1.85     ,1.80     ,4.21     ,3.36     ,4.26     ,4.20     ,5.28     ,3.76     ,1.50     ,1.19    ,-0.83     ,0.52     ,1.87     ,1.80    ,-0.77    ,-0.44    ,-0.56    ,-0.67     ,2.38     ,0.07     ,0.26     ,1.05     ,2.05    ,-2.01    ,-2.31    ,-2.65
201709    ,-1.66     ,0.14     ,1.41    ,-0.22     ,2.89     ,2.72     ,1.27     ,1.97     ,2.36     ,3.84     ,1.97     ,4.93     ,4.20     ,2.09     ,2.80     ,3.26     ,3.01     ,0.22     ,1.65     ,0.83     ,3.01     ,1.42     ,0.16    ,-1.05     ,2.57     ,4.55    ,-1.41     ,0.53     ,2.17     ,2.11     ,4.53     ,3.53
201710     ,2.86     ,0.42     ,3.01     ,4.20     ,2.33     ,2.62     ,3.26     ,3.32     ,3.89     ,2.16     ,3.19     ,1.49     ,4.83     ,2.15     ,3.22     ,2.09     ,6.54     ,6.38     ,4.96     ,2.87     ,4.89     ,5.06     ,6.02     ,4.23     ,5.72     ,4.25     ,3.45     ,4.31     ,2.93     ,2.29     ,3.63     ,4.12
201711     ,1.06     ,2.09     ,6.21     ,4.94     ,2.85     ,1.71     ,2.98     ,2.98     ,1.42     ,2.73     ,1.98     ,3.10     ,1.72     ,0.02     ,0.51     ,3.01     ,3.76     ,0.05     ,3.71     ,5.44    ,-0.73     ,2.16     ,2.00     ,5.23     ,2.15     ,1.00     ,4.01     ,3.35     ,1.95     ,2.97     ,1.88    ,-1.00
201712     ,0.91     ,4.31     ,3.25     ,3.64     ,4.71     ,2.97     ,3.62     ,2.05     ,2.68     ,3.37     ,2.47     ,3.33     ,6.07     ,2.74     ,1.92     ,5.57    ,-1.00    ,-2.67     ,1.35    ,-1.19     ,3.45    ,-1.33     ,0.45    ,-0.31     ,3.49     ,2.93    ,-1.56     ,1.86     ,5.98     ,2.30     ,2.72     ,5.08
201801    ,12.05     ,5.79     ,7.48     ,8.52     ,7.84     ,5.65     ,4.69     ,6.13     ,4.54     ,3.83     ,3.71     ,7.01     ,5.86     ,5.75     ,3.52     ,6.83     ,6.50     ,4.83     ,2.76     ,5.57     ,3.31     ,6.15     ,4.78     ,4.16     ,4.59     ,4.74     ,2.96     ,5.12     ,3.06     ,3.27     ,3.03     ,2.68
201802    ,-3.05     ,0.22    ,-0.56     ,1.88    ,-1.87    ,-1.02     ,0.34     ,0.18    ,-0.69    ,-3.07    ,-1.62    ,-1.93    ,-2.45    ,-0.79    ,-1.79     ,1.88     ,0.43     ,0.10    ,-0.75    ,-0.55    ,-0.70    ,-2.44    ,-3.75    ,-1.10    ,-2.27    ,-1.80    ,-1.54    ,-1.57    ,-2.07     ,0.00    ,-3.14    ,-3.56
201803     ,1.20    ,-0.18    ,-0.91     ,1.74    ,-4.74    ,-3.27    ,-0.44    ,-1.16    ,-3.36    ,-3.20    ,-1.15    ,-4.21    ,-4.35    ,-3.02    ,-1.65    ,-1.49    ,-1.26    ,-3.21     ,1.14     ,2.81    ,-5.57    ,-0.16    ,-0.43    ,-1.33    ,-3.48    ,-3.13    ,-0.27     ,1.24    ,-3.66    ,-1.82    ,-3.82    ,-0.13
201804    ,-3.85    ,-0.40    ,-3.70    ,-5.75     ,1.46    ,-1.39    ,-0.56     ,0.00    ,-0.17     ,1.00     ,1.00     ,0.49    ,-1.11    ,-0.86     ,0.00    ,-3.21    ,-0.65     ,1.13    ,-2.70    ,-1.59    ,-0.58     ,1.35     ,1.15    ,-0.07     ,0.68     ,1.07     ,2.89     ,1.07     ,3.34     ,2.13     ,1.91     ,4.22
201805     ,0.89     ,1.09     ,3.67     ,4.80    ,-1.62    ,-0.63     ,0.88    ,-0.70    ,-2.29    ,-2.85    ,-0.95     ,0.50    ,-3.77    ,-1.40    ,-2.58    ,-0.31     ,0.95    ,-1.66     ,3.95     ,1.09    ,-4.07    ,-1.41    ,-0.08    ,-0.93    ,-3.89    ,-2.86    ,-1.72    ,-0.45    ,-2.23    ,-5.32    ,-5.43    ,-2.19
201806    ,-5.36    ,-0.92    ,-4.08    ,-3.35    ,-4.69    ,-1.66    ,-2.63    ,-2.21    ,-4.56    ,-2.82    ,-2.84    ,-4.95    ,-2.54    ,-3.12    ,-2.53    ,-3.97    ,-5.41    ,-0.28    ,-1.87    ,-0.49    ,-3.00    ,-1.79    ,-2.33    ,-0.26    ,-3.33    ,-0.56    ,-2.67    ,-4.44    ,-1.92    ,-4.68    ,-4.55    ,-3.21
201807    ,-4.03     ,0.04    ,-0.84    ,-2.62    ,-0.95    ,-0.99    ,-1.36    ,-1.31    ,-0.68    ,-0.68     ,0.31    ,-0.46    ,-0.38     ,1.22    ,-0.65     ,1.16    ,-1.76    ,-1.22    ,-1.72    ,-2.16     ,0.25     ,0.38     ,1.40     ,2.72    ,-0.05    ,-0.37    ,-1.29    ,-1.87     ,1.30     ,2.63     ,0.61     ,4.49
201808    ,-0.86     ,4.76     ,0.53     ,2.57     ,0.34    ,-2.17     ,0.50     ,0.94     ,0.14    ,-2.82    ,-2.28    ,-1.04    ,-1.44    ,-3.26    ,-1.20    ,-2.87    ,-0.70    ,-0.85     ,1.89     ,3.16    ,-0.20     ,0.76    ,-1.80     ,2.66    ,-1.95    ,-3.73    ,-0.81     ,0.26     ,0.37    ,-0.89     ,0.16     ,0.58
201809    ,-1.77     ,0.65     ,1.42     ,1.95    ,-0.60     ,1.12     ,1.43    ,-1.41     ,1.69     ,1.52     ,2.22     ,0.02     ,1.35     ,0.94     ,1.42     ,1.01     ,4.28     ,0.15     ,3.45     ,1.71     ,2.94     ,3.64     ,2.43     ,3.28     ,4.60     ,3.54     ,2.63     ,3.49     ,4.11     ,4.57     ,4.71     ,2.61
201810    ,-6.34    ,-4.99    ,-9.62   ,-12.22    ,-8.70    ,-6.85    ,-9.00    ,-8.16    ,-9.80    ,-8.14    ,-8.82    ,-7.70    ,-7.50    ,-7.29    ,-8.35    ,-8.50   ,-11.90    ,-8.10   ,-11.92   ,-12.57    ,-9.30    ,-7.58    ,-8.73    ,-9.84    ,-7.06    ,-7.93    ,-6.95    ,-9.17    ,-4.53    ,-5.21    ,-7.15    ,-9.18
201811     ,4.03     ,1.76     ,1.91     ,3.82    ,-0.76     ,2.47     ,1.31     ,1.09    ,-0.79     ,2.09     ,1.18     ,1.85    ,-0.56     ,1.10    ,-0.11     ,1.68     ,2.17     ,5.77     ,3.34     ,4.00     ,1.46    ,-0.28    ,-0.38     ,0.84    ,-2.64     ,2.39     ,3.64     ,3.34     ,1.07    ,-2.99    ,-2.02    ,-3.32
201812   ,-11.58   ,-13.23   ,-16.05   ,-15.39    ,-8.56    ,-9.39   ,-11.03   ,-11.07    ,-8.73    ,-8.17    ,-8.25    ,-9.81    ,-8.18    ,-7.63    ,-8.04   ,-10.64    ,-6.10    ,-7.00    ,-7.70    ,-9.11    ,-6.62    ,-6.16    ,-5.50    ,-9.61    ,-5.81    ,-4.63    ,-6.06    ,-5.65    ,-5.67    ,-7.81    ,-6.01    ,-7.59
201901     ,7.31     ,4.28     ,5.88     ,7.73     ,5.07     ,3.09     ,3.26     ,4.72     ,3.40     ,2.86     ,3.03     ,3.29     ,3.53     ,1.57     ,2.56     ,3.47     ,4.89     ,3.93     ,2.00     ,5.79     ,5.90     ,5.38     ,4.28     ,8.93     ,6.69     ,5.52     ,4.99     ,2.35     ,5.27     ,6.85     ,7.48     ,6.51
201902     ,5.60     ,2.36     ,3.57     ,3.66     ,0.50     ,1.94     ,2.75     ,2.21     ,1.20     ,2.75     ,2.87     ,1.89     ,1.62     ,1.57     ,0.01     ,2.45     ,0.97     ,1.09     ,5.25     ,2.89     ,1.39    ,-0.31    ,-1.54     ,5.04    ,-0.69    ,-1.71    ,-1.05    ,-0.14    ,-1.96    ,-2.70    ,-0.82    ,-0.60
201903     ,1.61     ,3.71    ,-0.04     ,1.98     ,0.41    ,-0.72    ,-1.15    ,-0.69    ,-0.76    ,-0.67    ,-0.39    ,-1.29    ,-0.06     ,0.22    ,-0.99    ,-2.17     ,2.12     ,4.60     ,0.72     ,3.17     ,1.39    ,-0.35    ,-2.31     ,1.22     ,1.70    ,-0.56     ,0.47     ,0.43    ,-1.16    ,-1.44    ,-0.78    ,-0.99
201904    ,-3.34     ,1.82     ,1.28     ,0.48     ,1.76     ,1.41     ,0.59     ,1.41     ,0.73     ,2.01     ,1.37     ,0.16     ,0.02    ,-0.03     ,0.46     ,0.59     ,3.73     ,2.77     ,1.24     ,5.44    ,-2.87     ,1.49     ,4.16     ,1.52     ,0.33     ,1.70    ,-3.08    ,-1.43    ,-2.51     ,1.09     ,1.78    ,-0.91
201905    ,-2.27     ,2.51    ,-1.69    ,-2.31    ,-4.25    ,-3.28    ,-4.01    ,-3.15    ,-5.88    ,-4.12    ,-4.82    ,-1.41    ,-2.64    ,-2.92    ,-1.40    ,-3.48    ,-3.68    ,-2.66    ,-2.58    ,-2.91    ,-2.30    ,-2.57    ,-3.75    ,-4.92    ,-0.25    ,-3.82    ,-4.42    ,-6.20    ,-4.79    ,-5.97    ,-5.34    ,-3.79
201906     ,5.01     ,1.37     ,3.65     ,0.95     ,2.61     ,1.51     ,2.98     ,3.11     ,3.25     ,3.39     ,2.90     ,2.14     ,1.94     ,1.10     ,1.17     ,1.06     ,0.32     ,3.77     ,1.24     ,3.64     ,3.54     ,2.13     ,3.62     ,2.49     ,3.46     ,3.33     ,2.01     ,1.11     ,0.71     ,2.89     ,3.30     ,2.48
201907     ,0.49     ,1.06     ,2.90     ,2.66     ,1.22     ,1.57     ,0.65     ,2.44     ,0.72     ,0.92     ,0.63     ,4.62     ,1.21     ,0.71     ,1.61     ,1.18     ,0.84    ,-1.08     ,1.97     ,3.45     ,1.12     ,0.57     ,0.81     ,2.71    ,-0.30     ,1.90    ,-1.12    ,-1.67    ,-2.56    ,-2.56    ,-0.74    ,-2.25
201908    ,-2.47    ,-1.72    ,-1.07    ,-4.69    ,-3.35    ,-1.15    ,-4.12    ,-2.98    ,-0.52    ,-2.22    ,-3.34    ,-3.34    ,-4.08    ,-4.36    ,-5.43    ,-4.14     ,1.65     ,1.78    ,-0.45     ,1.05     ,1.41     ,0.97     ,0.15    ,-4.58     ,0.16     ,0.58    ,-2.09    ,-1.99    ,-3.68    ,-4.23    ,-5.98    ,-2.50
201909     ,1.95     ,3.38     ,0.85     ,1.47     ,3.13     ,5.00     ,3.39     ,5.18     ,4.29     ,3.73     ,3.75     ,4.61     ,4.46     ,5.22     ,6.36     ,4.24     ,2.98     ,3.60     ,3.23     ,2.65     ,2.40     ,3.31     ,4.41     ,1.32     ,2.67     ,4.42     ,5.52     ,5.24     ,6.36     ,7.75     ,7.46     ,7.45
201910     ,1.75     ,4.31     ,2.65     ,2.96     ,5.72     ,4.57     ,7.60     ,8.65     ,6.38     ,6.32     ,8.47     ,7.97     ,6.38     ,7.16     ,7.07     ,8.08    ,10.89     ,6.12     ,4.98     ,3.10     ,4.44     ,4.67     ,4.79     ,4.50     ,4.96     ,4.33     ,4.96     ,5.71     ,4.50     ,4.47     ,8.16     ,5.99
201911     ,3.14     ,2.66     ,1.96     ,4.73     ,1.72     ,0.02     ,2.08     ,1.91     ,0.64     ,1.80     ,0.20     ,3.27     ,1.25     ,0.27     ,1.28     ,1.44     ,1.00     ,0.22    ,-0.08     ,2.96     ,2.10     ,0.70    ,-1.25     ,1.26     ,0.85    ,-0.44     ,1.02    ,-1.24     ,0.76     ,0.69     ,0.18    ,-2.49
201912     ,0.34     ,2.24     ,2.66     ,1.98     ,3.92     ,2.06     ,4.14     ,3.15     ,5.22     ,3.48     ,4.12     ,4.25     ,2.38     ,3.19     ,3.60     ,3.60     ,1.02     ,1.50     ,0.82     ,2.73     ,0.72     ,2.40     ,2.74     ,5.50     ,0.65     ,1.02     ,4.38     ,1.39     ,1.90     ,2.86     ,1.62     ,3.17
202001    ,-2.54    ,-1.09    ,-2.80    ,-5.07    ,-2.13    ,-2.64    ,-3.03    ,-3.00    ,-3.72    ,-4.29    ,-3.96    ,-2.27    ,-3.66    ,-4.08    ,-4.35    ,-3.50     ,0.65    ,-0.54    ,-0.77    ,-3.35    ,-0.13     ,0.28     ,1.37    ,-3.27     ,0.04    ,-1.24    ,-3.21    ,-2.36    ,-3.51    ,-5.33    ,-2.83    ,-5.01
202002   ,-17.98   ,-16.09   ,-15.35   ,-17.75   ,-15.09   ,-12.67   ,-12.78   ,-14.39   ,-13.61   ,-12.92   ,-13.09   ,-12.21   ,-13.11   ,-12.82   ,-15.03   ,-15.96   ,-11.02    ,-9.53    ,-8.39   ,-10.04   ,-11.33    ,-8.69   ,-11.41    ,-6.47    ,-7.68    ,-9.75    ,-9.06   ,-10.51    ,-8.34   ,-12.39   ,-10.77    ,-6.26
202003    ,-7.51    ,-5.99    ,-7.77    ,-8.60    ,-4.04    ,-2.06    ,-0.82    ,-4.30    ,-2.04    ,-2.18    ,-2.37    ,-5.11    ,-2.99    ,-2.89    ,-5.44    ,-7.59     ,2.01     ,3.54    ,-2.15     ,0.61    ,-5.68     ,2.38    ,-4.90    ,-9.13    ,-3.80    ,-5.50    ,-9.71   ,-14.00   ,-13.04   ,-10.70   ,-11.47    ,-7.30
202004    ,13.02     ,6.06    ,10.91    ,16.98     ,5.65     ,4.76     ,4.79     ,6.37     ,3.33     ,3.12     ,3.78     ,6.59     ,2.40     ,1.71     ,3.25     ,5.33     ,5.40     ,1.81     ,5.50    ,11.26     ,5.24    ,-0.79     ,6.86    ,10.33    ,-0.74     ,2.19     ,2.80     ,7.52     ,3.15     ,2.16     ,5.60     ,3.48
202005    ,13.41    ,11.87    ,15.66    ,14.60     ,7.76     ,6.82     ,7.78    ,10.11     ,5.83     ,6.46     ,5.81     ,6.67     ,4.25     ,4.31     ,3.26     ,6.84     ,8.78     ,9.34    ,12.60     ,8.28    ,10.52     ,2.05     ,4.36     ,6.08     ,1.52     ,4.08     ,5.66     ,6.05     ,3.02     ,5.39     ,5.99     ,3.31
202006     ,3.19     ,0.08     ,3.21     ,1.13     ,0.41    ,-0.83    ,-0.75    ,-0.20    ,-1.41    ,-1.45    ,-1.58     ,0.26    ,-1.96    ,-0.95    ,-1.18    ,-1.88    ,-0.53     ,2.48     ,1.92     ,3.12    ,-4.51    ,-1.12     ,1.33     ,3.88     ,0.24    ,-1.24    ,-1.30    ,-2.10    ,-3.83    ,-2.92    ,-3.09    ,-2.40
202007    ,-5.03    ,-8.37    ,-3.38    ,-3.03    ,-3.92    ,-2.65    ,-3.34    ,-4.22    ,-3.92    ,-3.92    ,-2.48    ,-2.50    ,-4.63    ,-4.30    ,-4.62    ,-6.30    ,-0.44    ,-4.19     ,4.51    ,-0.42     ,0.46    ,-4.77    ,-2.93     ,9.23    ,-3.99    ,-5.58    ,-7.97    ,-2.87    ,-3.43    ,-5.10    ,-5.75    ,-6.40
202008    ,12.23    ,17.68    ,10.26    ,14.13     ,8.03     ,7.45     ,5.81     ,9.84     ,6.11     ,6.61     ,6.91     ,7.69     ,6.51     ,5.76     ,6.10     ,7.62    ,11.52    ,11.75     ,4.44     ,4.44     ,4.29     ,9.95     ,7.51     ,0.46     ,9.59     ,9.33    ,12.42    ,12.27    ,11.44    ,12.17    ,13.77    ,12.35
202009     ,2.23     ,5.59     ,6.38     ,8.83     ,5.32     ,5.87     ,5.68     ,6.82     ,4.96     ,4.75     ,5.74     ,6.44     ,5.86     ,5.34     ,3.99     ,5.33     ,5.18     ,4.65     ,3.68     ,3.80    ,11.98     ,1.36     ,3.39     ,0.01     ,0.89    ,-1.05    ,-0.42     ,0.33    ,-2.64    ,-2.08    ,-2.96    ,-3.16
202010    ,-5.78    ,-0.72    ,-4.49    ,-4.03    ,-2.79    ,-4.22    ,-2.92    ,-2.04    ,-3.07    ,-2.57    ,-3.34    ,-2.09    ,-3.68    ,-3.39    ,-3.57    ,-2.81    ,-0.70    ,-1.25    ,-0.26    ,-2.43    ,-1.60    ,-3.47    ,-4.90     ,4.38     ,1.18    ,-2.05    ,-3.66    ,-8.20    ,-1.10    ,-3.03    ,-3.74    ,-6.98
202011     ,5.12    ,10.01     ,8.67     ,7.94     ,7.48     ,4.36     ,5.23     ,7.05     ,4.70     ,4.29     ,4.18     ,7.55     ,3.24     ,4.84     ,4.25     ,8.89     ,8.06    ,10.63    ,16.19    ,16.05     ,8.53    ,13.68    ,14.27    ,10.80     ,8.86     ,8.21    ,10.01    ,12.60     ,4.93     ,8.83    ,11.42     ,8.27
202012    ,-1.31     ,1.09     ,2.03    ,-0.17     ,5.32     ,3.76     ,3.67     ,3.82     ,3.80     ,3.18     ,4.19     ,3.12     ,4.16     ,1.10     ,2.73     ,5.06     ,2.85     ,6.20     ,3.14     ,1.00     ,1.55    ,-0.79     ,3.99     ,6.27     ,6.47     ,9.80     ,3.43     ,6.06     ,6.24     ,5.64     ,3.63     ,4.60
202101     ,2.86    ,-0.93    ,-1.96    ,-1.98    ,-0.62    ,-2.17    ,-1.72    ,-3.22     ,0.16    ,-1.88    ,-1.50    ,-1.33    ,-1.24    ,-1.55    ,-0.02     ,1.12    ,-3.50    ,-3.73     ,0.33    ,-3.85     ,1.83    ,-2.85    ,-0.30     ,0.37     ,2.53    ,-4.65     ,1.04    ,-0.46     ,1.74     ,0.67    ,-0.77     ,4.35
202102     ,0.21    ,-1.51    ,-3.01    ,-0.97    ,-0.30    ,-0.25    ,-2.05     ,3.15     ,0.09    ,-0.77     ,0.38     ,1.74     ,3.25     ,1.73     ,3.81     ,5.25     ,0.24     ,4.08    ,-4.01    ,-5.25    ,-2.94    ,-1.69    ,-4.34     ,6.82     ,2.06     ,4.32     ,4.38     ,0.89     ,6.85     ,9.14     ,7.75     ,9.73
202103     ,0.60    ,-1.33     ,2.40     ,0.82     ,3.45     ,1.76     ,3.33     ,3.61     ,3.26     ,2.87     ,4.30     ,5.51     ,5.26     ,4.29     ,4.99     ,5.85    ,-1.94    ,-8.04     ,0.90    ,-1.93     ,0.77     ,2.29     ,1.68    ,-2.18     ,4.00     ,4.22     ,2.89     ,6.75     ,6.52     ,3.99     ,7.40     ,4.15
202104    ,-2.37    ,-1.33    ,-2.13    ,-1.55     ,1.17    ,-1.73    ,-1.21    ,-1.68    ,-1.42    ,-2.01    ,-1.60    ,-3.07    ,-1.95    ,-3.56    ,-2.61    ,-3.92    ,-0.35    ,-0.20    ,-1.05    ,-1.52    ,-0.16    ,-4.40    ,-1.92     ,0.94     ,0.00    ,-2.65    ,-1.53    ,-4.05    ,-3.75    ,-3.28    ,-0.59    ,-1.72
202105    ,-2.64    ,-2.00    ,-0.64    ,-3.38    ,-0.11    ,-0.62     ,0.13     ,1.15     ,0.24    ,-0.28     ,0.16     ,1.33     ,0.77    ,-0.89     ,0.00    ,-0.14     ,2.47     ,2.81    ,-0.68     ,0.38     ,1.28     ,3.56     ,0.86    ,-6.07     ,0.86     ,6.74     ,0.79    ,-1.32     ,1.09     ,2.54     ,3.82     ,4.08
202106     ,2.91     ,0.55     ,2.78     ,3.50     ,3.02     ,0.17     ,1.20     ,4.23     ,0.47     ,0.08    ,-0.86     ,0.30     ,0.05    ,-0.44    ,-0.27    ,-1.46    ,-0.45     ,0.47     ,2.63     ,0.99     ,4.12    ,-0.60     ,0.45    ,-3.00     ,1.29     ,1.41     ,0.03    ,-3.67    ,-1.66    ,-3.75    ,-1.59     ,1.18
202107    ,-3.90    ,-1.06    ,-1.83    ,-3.44     ,1.57     ,0.65     ,0.80     ,0.11     ,2.34     ,2.45     ,2.69     ,1.39     ,1.24     ,1.34     ,0.84     ,1.38    ,-0.43    ,-4.16    ,-0.30    ,-0.81    ,-1.53    ,-1.22    ,-4.05    ,-1.84    ,-1.35    ,-0.03    ,-1.57    ,-1.60     ,1.26     ,0.21    ,-1.45    ,-0.44
202108     ,4.30     ,4.30     ,1.56     ,4.41     ,0.03     ,1.03     ,2.41     ,0.29     ,0.62     ,1.05    ,-0.05     ,1.52     ,0.29     ,0.96     ,4.12     ,3.86     ,8.75     ,4.87    ,10.60     ,4.47     ,1.47     ,3.54    ,-0.51     ,3.02     ,2.74    ,-0.09     ,0.84     ,2.14     ,1.85     ,1.00     ,1.77     ,3.40
202109     ,4.12     ,1.25     ,3.25    ,-0.14     ,1.49     ,2.04     ,0.83     ,2.61     ,1.99     ,1.93     ,1.42     ,1.97     ,4.74     ,1.83     ,2.01     ,4.10    ,-1.19     ,3.14     ,1.55     ,2.97     ,4.08     ,1.67     ,2.71     ,3.15     ,1.69     ,3.07     ,5.72     ,5.95     ,1.83     ,2.38     ,6.78     ,6.42
202110    ,-5.78    ,-2.70    ,-3.72    ,-4.82    ,-3.58    ,-4.33    ,-4.54    ,-4.78    ,-4.07    ,-4.13    ,-4.99    ,-2.22    ,-3.61    ,-4.52    ,-6.38    ,-5.43    ,-3.46    ,-2.92    ,-5.00    ,-3.29    ,-2.92    ,-4.54    ,-3.41    ,-2.72    ,-4.74    ,-3.42    ,-2.10    ,-5.17    ,-4.67    ,-5.06    ,-6.04    ,-3.10
202111    ,-4.63    ,-3.24    ,-2.47    ,-4.20    ,-6.90    ,-4.97    ,-3.20    ,-5.93    ,-6.94    ,-3.38    ,-6.67    ,-6.30    ,-6.09    ,-5.48    ,-4.11    ,-7.03    ,-2.02    ,-0.32     ,1.46    ,-0.93    ,-1.62    ,-4.48    ,-2.95    ,-3.28    ,-3.27    ,-2.66    ,-3.87    ,-6.12    ,-7.16    ,-3.98    ,-4.37    ,-6.17
202112    ,-1.06    ,-2.61    ,-0.13    ,-5.16     ,2.02     ,2.01     ,3.92     ,2.78     ,5.30     ,4.23     ,3.78     ,1.74     ,3.31     ,3.84     ,6.16     ,5.93     ,4.95     ,2.24    ,-1.62    ,-1.14     ,1.08     ,1.65    ,-1.61    ,-0.24     ,4.38     ,2.58    ,-0.49     ,5.93     ,3.53     ,3.92     ,2.47     ,2.75
202201   ,-11.86    ,-9.71   ,-10.84   ,-17.88    ,-6.78    ,-6.01    ,-5.96    ,-6.84    ,-4.42    ,-3.41    ,-3.56    ,-4.76    ,-2.53    ,-2.28     ,0.55    ,-2.49    ,-7.49   ,-14.12   ,-13.19   ,-13.74    ,-4.62    ,-7.74    ,-5.03    ,-3.06    ,-1.65     ,2.56     ,1.24     ,0.58     ,2.14     ,3.62     ,4.36     ,3.20
202202    ,-0.29     ,1.00     ,2.00     ,0.77     ,1.44     ,1.77     ,0.73     ,1.70     ,2.82     ,2.03     ,2.76     ,3.73     ,1.41     ,2.01     ,4.21     ,5.16    ,-2.26     ,4.18     ,1.05    ,-3.41    ,-1.07     ,0.06     ,0.39     ,0.26    ,-0.42    ,-2.06    ,-0.67    ,-1.37     ,3.12     ,1.60     ,0.83    ,-0.11
202203     ,0.24    ,-1.38    ,-2.40     ,2.16    ,-3.02    ,-3.83    ,-4.21    ,-3.86    ,-5.76    ,-4.99    ,-6.11    ,-3.55    ,-4.39    ,-5.84    ,-7.47    ,-4.87    ,-0.94    ,-2.05    ,-4.01    ,-0.91    ,-4.80    ,-1.61     ,0.00    ,-0.88    ,-2.17    ,-1.69    ,-0.39    ,-1.47    ,-0.62    ,-1.97    ,-1.86     ,3.69
202204   ,-10.76    ,-8.97   ,-11.05   ,-12.01    ,-7.42    ,-8.77    ,-9.20    ,-8.32    ,-7.03    ,-7.30    ,-8.27    ,-7.42    ,-8.59    ,-7.41    ,-6.01    ,-7.03   ,-15.81    ,-8.15    ,-9.20   ,-12.19    ,-7.56    ,-6.92    ,-9.59    ,-5.95    ,-5.57    ,-6.71    ,-4.90    ,-5.27    ,-7.89    ,-7.68    ,-6.49    ,-8.07
202205     ,2.95     ,2.01     ,0.37    ,-0.45     ,2.09     ,3.97     ,1.08     ,1.00     ,2.61     ,0.79     ,0.70     ,1.32     ,4.38     ,2.40     ,0.04     ,2.84     ,1.20     ,2.54     ,2.51    ,-0.02     ,4.04     ,2.73     ,1.56    ,-0.05     ,2.44    ,-0.93     ,2.56     ,1.01     ,6.48    ,-0.36    ,-0.12     ,1.74
202206    ,-5.13    ,-3.90    ,-5.87    ,-7.14    ,-3.70    ,-5.86    ,-6.52    ,-4.59    ,-3.53    ,-4.01    ,-3.95    ,-4.37    ,-4.66    ,-4.70    ,-3.26    ,-5.23    ,-3.37   ,-11.59   ,-11.57    ,-8.88    ,-6.85    ,-7.24    ,-8.32    ,-8.23    ,-7.29    ,-4.63    ,-5.49    ,-2.40    ,-6.14    ,-3.47    ,-4.19    ,-7.83
202207     ,4.74     ,6.37     ,8.00     ,9.65     ,3.74     ,6.86     ,6.11     ,5.79     ,5.23     ,5.76     ,5.40     ,4.41     ,3.49     ,3.49     ,4.36     ,3.72     ,6.15    ,12.03    ,12.07     ,8.20     ,4.33     ,6.28     ,5.28     ,5.18     ,3.28     ,1.94     ,3.02     ,5.19     ,1.80     ,2.70     ,2.56     ,2.31
202208     ,0.22    ,-3.18    ,-2.97    ,-1.18    ,-1.70    ,-1.87    ,-1.07    ,-1.57    ,-1.74    ,-2.35    ,-1.65     ,0.32    ,-1.18    ,-2.10    ,-3.04    ,-2.54     ,2.29    ,-0.72    ,-5.13    ,-4.41    ,-5.57    ,-3.89    ,-3.98    ,-3.95    ,-2.33    ,-0.42    ,-1.21    ,-1.78    ,-0.26    ,-4.86    ,-0.40    ,-3.83
202209    ,-5.92    ,-8.41    ,-8.84    ,-9.97    ,-7.18    ,-7.13    ,-8.19    ,-9.97    ,-6.79    ,-7.01    ,-6.84    ,-5.04    ,-7.09    ,-6.14    ,-5.97    ,-4.82    ,-7.87    ,-8.91   ,-12.55   ,-11.26    ,-3.84    ,-8.10    ,-6.87   ,-11.51    ,-6.12    ,-7.79    ,-9.64   ,-12.83    ,-8.68    ,-7.73   ,-10.61    ,-1.85
202210     ,2.21     ,2.83     ,2.37     ,3.09     ,0.35     ,0.83     ,1.13     ,2.97    ,-1.34     ,0.47    ,-0.69     ,1.06     ,0.94    ,-1.50    ,-1.43    ,-0.99     ,4.01     ,0.47     ,4.95     ,2.41     ,1.65    ,-0.43     ,0.60     ,3.73    ,-0.92     ,1.38     ,0.81    ,13.66     ,0.46    ,-0.26     ,2.33     ,0.44
202211     ,8.56     ,8.88    ,11.72    ,13.56    ,10.41     ,9.65    ,10.01    ,11.96    ,11.76    ,10.42    ,10.21     ,9.31    ,11.06    ,11.86    ,12.15    ,14.26     ,7.15     ,8.96     ,9.63    ,11.44     ,8.75    ,11.55     ,9.83     ,8.48    ,11.59    ,14.45    ,12.56     ,4.55    ,11.67    ,13.29    ,11.26    ,14.14
202212    ,-0.46     ,0.36    ,-0.87    ,-1.34     ,1.97     ,2.00     ,1.58     ,2.25     ,3.71     ,4.42     ,3.99     ,4.06     ,5.08     ,4.62     ,7.03     ,7.36     ,2.43    ,-1.91    ,-3.26    ,-2.77     ,1.92    ,-0.42     ,1.99    ,-2.89     ,1.73    ,-1.04    ,-0.77    ,-1.48     ,2.65    ,11.04     ,5.53    ,10.17
202301     ,3.95     ,2.28     ,6.13     ,4.95     ,3.54     ,5.49     ,5.05     ,4.95     ,5.31     ,4.14     ,3.93     ,3.70     ,4.21     ,5.04     ,4.80     ,6.67     ,4.12     ,3.90    ,10.02     ,6.57     ,2.01     ,5.80     ,1.89     ,6.27     ,1.50     ,2.38     ,4.22     ,8.20     ,4.35     ,4.80     ,5.60     ,2.44
202302    ,-4.60    ,-2.26    ,-5.57    ,-6.31    ,-2.50    ,-3.57    ,-3.55    ,-3.15    ,-0.95    ,-1.82    ,-1.68    ,-3.35     ,4.90    ,-0.40    ,-0.19    ,-1.26    ,-3.43    ,-5.63    ,-5.03    ,-6.01    ,-4.78    ,-5.58    ,-3.22    ,-3.86    ,-1.62    ,-2.84    ,-1.56    ,-6.42    ,-1.30    ,-1.76     ,1.15    ,-0.25
202303     ,4.25     ,5.09     ,5.27     ,3.22     ,5.12     ,3.80     ,4.73     ,4.52     ,4.38     ,5.57     ,4.68     ,3.47     ,5.45     ,5.05     ,1.08    ,-2.31     ,9.20     ,7.43     ,7.25     ,5.45     ,5.45     ,8.65     ,4.52     ,5.23     ,2.64     ,4.81     ,4.52     ,1.26     ,3.18    ,-3.10    ,-0.97    ,-4.30
202304    ,-0.99    ,-2.36    ,-2.64    ,-4.27    ,-1.18    ,-0.88    ,-0.21    ,-3.01     ,0.30     ,0.58     ,0.25    ,-0.37    ,-0.35     ,1.81     ,1.29     ,0.33    ,-0.23     ,1.30    ,-2.80     ,0.41     ,2.22    ,-2.50     ,0.95    ,-2.19     ,3.24     ,1.83     ,2.10    ,-1.72     ,0.48     ,1.31     ,1.53     ,3.30
202305    ,-2.75    ,-3.18    ,-4.20    ,-1.15     ,0.01    ,-5.24    ,-3.18    ,-1.55    ,-4.39    ,-2.82    ,-4.05    ,-0.18    ,-2.16    ,-3.71    ,-4.45    ,-3.52    ,-1.22     ,3.42     ,6.60     ,1.85    ,-2.88     ,4.02    ,-1.76     ,1.01     ,0.50     ,0.41     ,1.82     ,3.45    ,-0.88     ,0.01     ,0.96    ,-2.25
202306    ,-0.28     ,3.34     ,1.59     ,1.95     ,3.02     ,2.02     ,2.95     ,4.84     ,2.25     ,3.00     ,3.60     ,3.87     ,8.10     ,3.78     ,4.07     ,2.64     ,0.23     ,2.75     ,0.00     ,0.64     ,3.78     ,2.06     ,1.23     ,8.40     ,2.46     ,8.79     ,6.57    ,11.20     ,6.30     ,5.74     ,4.68     ,2.08
202307     ,0.69     ,3.11     ,1.13    ,-1.04     ,1.52     ,3.26     ,2.62     ,2.13     ,4.49     ,4.28     ,4.06     ,2.41     ,5.46     ,6.28     ,7.90     ,6.90     ,0.98    ,-0.91     ,1.96     ,0.82     ,3.51    ,-1.19     ,2.15     ,1.65     ,3.31     ,4.76     ,3.21     ,5.03     ,5.24     ,8.28     ,5.93     ,7.35
202308    ,-0.90    ,-2.04    ,-2.63    ,-4.41     ,0.74     ,0.68    ,-1.34    ,-3.02     ,0.55     ,1.17     ,0.35     ,0.39     ,0.39    ,-0.01     ,0.55     ,0.96     ,1.07    ,-2.73    ,-1.91    ,-5.16    ,-1.07    ,-1.01    ,-5.03    ,-3.23     ,0.99    ,-1.20     ,0.36    ,-1.85    ,-0.45    ,-1.46     ,1.45     ,0.80
202309    ,-6.12    ,-3.73    ,-4.90    ,-5.31    ,-2.58    ,-2.50    ,-3.13    ,-3.27    ,-2.17    ,-1.32    ,-0.54    ,-0.82     ,2.50     ,2.16     ,2.57     ,3.63    ,-5.60    ,-7.45    ,-6.01    ,-7.43    ,-5.17     ,0.63    ,-2.11    ,-6.18     ,0.77    ,-1.86     ,1.06    ,-1.76     ,3.17     ,5.51     ,2.43     ,4.05
202310    ,-9.44    ,-5.01    ,-5.49    ,-8.82    ,-3.07    ,-3.80    ,-3.97    ,-5.64    ,-3.45    ,-3.39    ,-4.15    ,-4.16    ,-4.08    ,-1.74    ,-3.13    ,-4.26    ,-5.09    ,-4.02    ,-3.70    ,-4.87    ,-3.07    ,-2.67    ,-2.43    ,-4.32    ,-7.23    ,-5.49    ,-5.11    ,-7.11    ,-2.66    ,-2.16    ,-6.58    ,-5.53
202311     ,6.85    ,10.58     ,9.90     ,7.71     ,5.87     ,7.69     ,7.76    ,11.13     ,3.48     ,4.75     ,6.10     ,6.12     ,5.20     ,4.56     ,5.35     ,4.32     ,4.37     ,4.78    ,14.22    ,14.47     ,4.89     ,4.75     ,7.33    ,13.43     ,4.45     ,5.72     ,9.76     ,7.71     ,4.07     ,2.93     ,4.04     ,7.66
202312     ,5.99     ,5.93     ,5.35     ,6.16     ,6.55     ,6.13     ,6.59     ,6.21     ,6.74     ,6.72     ,8.18     ,5.50     ,5.05     ,4.73     ,4.85     ,5.31     ,4.89     ,5.24     ,7.39     ,5.64     ,6.83     ,4.61     ,6.68     ,8.67     ,4.83     ,6.61    ,-0.42     ,3.93     ,4.46     ,2.16     ,2.63     ,1.07
202401    ,-2.80    ,-0.56    ,-1.44    ,-2.01     ,0.79     ,0.62     ,0.72     ,0.44     ,1.17     ,0.82     ,0.65     ,1.13     ,3.11     ,2.52     ,3.11     ,3.88    ,-1.15     ,0.71     ,0.65     ,1.89    ,-1.12     ,2.56     ,5.21     ,0.52     ,2.75     ,2.30     ,7.29     ,7.03     ,4.37     ,6.25     ,4.89     ,4.20
202402     ,0.27     ,1.87     ,1.11     ,1.15    ,-0.61     ,0.37     ,2.20     ,1.27    ,-1.19     ,0.10     ,1.71    ,-0.88     ,3.57     ,1.82     ,1.79    ,-0.25    ,-3.32     ,1.40     ,0.24     ,5.55    ,-0.95    ,-0.43    ,-4.40     ,4.02    ,-1.49     ,7.79    ,11.19     ,3.54     ,0.39     ,4.24     ,1.86     ,3.08
202403    ,-0.57     ,2.03     ,2.43    ,-0.77     ,2.27     ,0.72     ,3.61     ,2.33     ,3.26     ,3.38     ,5.10     ,3.25     ,6.24     ,4.01     ,5.54     ,6.03     ,1.48    ,-4.52     ,0.69     ,1.66     ,0.01     ,1.89     ,1.48     ,2.25     ,3.16     ,7.37     ,4.71     ,4.39     ,6.93     ,7.07     ,7.84     ,6.27
202404   ,-10.55    ,-8.91    ,-9.50   ,-10.96    ,-5.74    ,-5.89    ,-5.22    ,-5.77    ,-4.00    ,-4.23    ,-3.96    ,-6.53    ,-4.85    ,-5.17    ,-6.16    ,-4.60    ,-6.45    ,-4.90    ,-5.39   ,-10.44    ,-5.83    ,-4.74    ,-1.93    ,-6.36    ,-4.96    ,-5.91    ,-6.93     ,0.12    ,-5.73    ,-3.39    ,-3.39    ,-5.50
202405    ,-1.43     ,5.38     ,0.74    ,-2.32    ,-2.38    ,-0.22    ,-1.17     ,2.27    ,-0.96     ,1.64     ,1.69    ,-0.38     ,3.08     ,4.03     ,2.02     ,2.93     ,2.02    ,-0.47     ,3.73     ,1.94    ,-3.82    ,-1.37     ,2.51     ,1.76     ,0.32     ,1.42    ,-4.39    ,-0.57     ,0.38     ,7.06     ,1.67     ,1.47
202406     ,3.45     ,1.31     ,0.41     ,2.50     ,1.63     ,1.85     ,3.58    ,-0.35     ,1.71     ,0.15     ,1.34    ,-0.09    ,-3.03    ,-0.92     ,0.24    ,-2.98    ,-1.46    ,-0.46     ,1.04     ,0.56    ,-3.26    ,-0.20     ,1.59     ,1.88    ,-1.59     ,2.79    ,-4.45    ,-4.27    ,-0.29    ,-0.47    ,-4.25    ,-4.53
202407     ,8.08     ,4.94     ,6.97     ,6.14     ,7.87     ,8.10     ,6.31     ,6.05     ,7.52     ,8.25     ,7.52     ,5.64     ,6.86     ,6.31     ,4.95     ,5.92     ,8.60    ,12.84     ,6.72     ,4.92     ,5.85    ,11.30     ,4.39     ,4.88     ,4.59     ,7.78     ,9.66     ,7.28     ,9.46     ,7.02     ,7.35     ,6.45
202408     ,1.63     ,2.09     ,3.33     ,3.62     ,1.80    ,-0.93     ,0.99    ,-1.04    ,-0.26    ,-0.49    ,-1.73    ,-0.98    ,-1.47    ,-2.54    ,-1.62    ,-3.27     ,2.71     ,7.59     ,3.05     ,1.52     ,2.50    ,-0.77     ,0.26     ,2.34    ,-3.47    ,-0.87     ,1.31    ,-2.12    ,-6.70    ,-6.03    ,-4.18     ,2.44
202409     ,0.54     ,1.28     ,2.50     ,1.83     ,3.19     ,2.94     ,2.26     ,0.04     ,1.95     ,2.36     ,2.23     ,1.60    ,-2.37    ,-0.37     ,0.40     ,1.14     ,6.12     ,0.78     ,2.35    ,-1.89     ,1.17     ,0.72    ,-1.80     ,2.20     ,0.66     ,1.21    ,-0.34     ,3.24    ,-0.48    ,-0.26    ,-1.10     ,1.15
202410    ,-5.60    ,-5.81    ,-6.34    ,-7.44    ,-4.90    ,-5.53    ,-6.50    ,-6.05    ,-4.82    ,-5.43    ,-5.32    ,-5.97    ,-5.06    ,-5.67    ,-5.92    ,-5.37    ,-5.53    ,-3.34    ,-5.39    ,-3.71    ,-3.55    ,-5.49    ,-2.88    ,-5.06    ,-3.42    ,-4.54    ,-3.85    ,-6.04    ,-3.53    ,-0.59    ,-3.11    ,-2.23
202411     ,0.94     ,1.67     ,2.66     ,1.25     ,3.97     ,0.73     ,2.59     ,1.51     ,1.19     ,1.71     ,1.38     ,1.24     ,5.85     ,1.80     ,1.55     ,2.90    ,-1.79    ,-1.20     ,2.76    ,-1.16     ,1.57    ,-2.56    ,-0.86     ,3.64    ,-0.75    ,-1.87    ,-1.13    ,-1.85     ,8.08     ,5.16     ,7.52     ,1.81
202412    ,-6.43    ,-6.34    ,-3.19    ,-3.87    ,-1.43    ,-2.36    ,-1.47    ,-1.76    ,-2.10    ,-0.47     ,0.01     ,0.70    ,-1.72    ,-1.40     ,0.68    ,-0.97    ,-5.39    ,-0.97    ,-1.30    ,-3.64     ,0.60    ,-0.58     ,5.21    ,-3.24    ,-1.13    ,-1.38    ,-0.32    ,-0.87    ,-2.73    ,-0.92    ,-1.31    ,-0.25
202501     ,2.99    ,-0.34     ,2.02     ,1.54     ,3.43     ,0.16    ,-0.50     ,1.44     ,1.25    ,-0.79     ,0.28     ,1.93     ,4.90     ,2.24     ,2.23     ,5.02     ,3.86     ,0.04     ,4.29     ,1.61     ,0.00    ,-1.75    ,-1.85     ,2.35     ,0.68     ,1.24     ,0.99     ,1.31     ,5.38     ,3.65     ,4.08     ,0.33
202502     ,2.98    ,-1.66     ,0.18    ,-1.08     ,0.16     ,1.44     ,0.79     ,0.87     ,1.02     ,1.54     ,1.97     ,1.77     ,3.28     ,3.26     ,5.88     ,2.97     ,0.92     ,0.29     ,2.14    ,-7.09     ,3.38    ,-1.12    ,-3.64     ,0.77     ,1.16    ,-0.37    ,-0.86     ,5.03     ,0.07    ,-0.26     ,0.91     ,2.75
202503     ,0.37     ,0.53     ,2.25    ,-0.31     ,2.38     ,3.36     ,3.07     ,3.05     ,2.34     ,3.16     ,2.72     ,3.29     ,4.21     ,3.60     ,3.91     ,2.89     ,2.00    ,-3.84    ,-1.45    ,-3.87    ,-0.25     ,0.41     ,1.53     ,0.40     ,0.56     ,3.61     ,5.25     ,0.49     ,3.22     ,3.97     ,0.11    ,-0.19
202504     ,6.86     ,5.41     ,7.17     ,7.80     ,4.09     ,4.85     ,5.26     ,5.92     ,4.87     ,5.52     ,4.92     ,4.80     ,3.72     ,4.01     ,4.72     ,5.48     ,6.97    ,11.70    ,10.91     ,7.36     ,5.00     ,7.82     ,8.50     ,5.17     ,5.54     ,7.71     ,3.15     ,6.29     ,2.11    ,-2.30    ,-1.48     ,1.77